team,spread,o/u,season_year,week
TEN,6.0,35.5,2009,1
MIA,4.0,44.5,2009,1
KC,13.0,36.5,2009,1
PHI,-3.0,43.5,2009,1
DEN,4.5,41.0,2009,1
MIN,-4.0,39.5,2009,1
JAC,6.0,46.0,2009,1
DET,14.0,49.5,2009,1
DAL,-4.5,39.5,2009,1
SF,5.0,46.0,2009,1
WAS,6.5,37.0,2009,1
STL,7.0,41.0,2009,1
CHI,4.5,47.0,2009,1
NYJ,4.5,45.0,2009,1
BUF,13.0,47.0,2009,1
SD,-10.0,42.5,2009,1
MIN,-10.0,45.0,2009,2
HOU,7.0,41.0,2009,2
CAR,6.5,43.5,2009,2
STL,10.0,37.0,2009,2
ARI,3.5,44.0,2009,2
SEA,1.0,39.0,2009,2
CLE,3.5,39.0,2009,2
NYG,3.0,45.0,2009,2
CIN,9.0,41.5,2009,2
PIT,-3.0,38.0,2009,2
OAK,2.5,40.0,2009,2
NE,-3.5,45.0,2009,2
TB,4.0,41.5,2009,2
BAL,1.5,41.0,2009,2
NO,-2.5,46.0,2009,2
IND,-3.0,41.0,2009,2
TEN,1.5,36.5,2009,3
JAC,4.5,47.0,2009,3
CLE,14.0,38.5,2009,3
WAS,-6.0,39.5,2009,3
GB,-6.0,43.0,2009,3
SF,7.0,39.0,2009,3
ATL,4.5,45.5,2009,3
NO,-6.0,51.0,2009,3
PIT,-3.5,36.5,2009,3
DEN,-2.5,38.0,2009,3
NYG,-5.5,46.0,2009,3
CHI,-1.0,37.5,2009,3
MIA,5.5,45.0,2009,3
IND,3.0,49.0,2009,3
KC,9.0,39.0,2009,3
CAR,9.0,48.5,2009,3
OAK,9.0,42.5,2009,4
TEN,-3.0,42.0,2009,4
BAL,1.5,45.0,2009,4
CIN,-6.0,37.5,2009,4
NYG,-9.0,42.5,2009,4
DET,9.5,42.5,2009,4
TB,9.0,36.5,2009,4
NYJ,7.5,47.0,2009,4
SD,6.0,43.5,2009,4
BUF,1.5,37.5,2009,4
STL,9.0,36.5,2009,4
DAL,-3.0,43.0,2009,4
SEA,10.0,44.0,2009,4
GB,4.5,46.0,2009,4
WAS,5.0,38.0,2009,5
CLE,5.5,42.0,2009,5
CIN,9.5,42.0,2009,5
ATL,1.0,39.5,2009,5
NE,-3.0,41.5,2009,5
HOU,5.5,50.5,2009,5
IND,-3.5,44.0,2009,5
DAL,-7.5,43.5,2009,5
OAK,15.0,38.5,2009,5
PIT,-11.0,44.0,2009,5
MIN,-10.0,40.5,2009,5
TB,15.5,41.5,2009,5
JAC,2.0,44.0,2009,5
NYJ,-3.0,36.0,2009,5
KC,6.5,36.5,2009,6
CLE,14.0,38.0,2009,6
BAL,3.0,45.5,2009,6
STL,9.5,42.5,2009,6
CAR,-3.0,40.5,2009,6
PHI,-14.0,40.5,2009,6
ARI,3.0,45.5,2009,6
CHI,4.5,46.0,2009,6
HOU,3.5,45.5,2009,6
NYG,3.5,47.5,2009,6
DET,14.0,48.5,2009,6
TEN,9.0,38.0,2009,6
BUF,9.5,35.5,2009,6
DEN,3.5,45.0,2009,6
IND,-14.0,45.0,2009,7
GB,-9.0,41.5,2009,7
MIN,6.0,46.5,2009,7
NE,-15.5,44.5,2009,7
SF,3.5,44.0,2009,7
NYJ,-6.0,34.0,2009,7
NO,-6.0,47.5,2009,7
ARI,7.5,46.5,2009,7
CHI,-1.0,42.5,2009,7
ATL,5.5,47.5,2009,7
SD,-4.5,44.0,2009,7
BUF,7.0,37.0,2009,7
PHI,-8.5,38.0,2009,7
DEN,4.5,42.5,2009,8
CLE,11.5,40.0,2009,8
MIN,3.5,46.5,2009,8
SF,12.5,45.0,2009,8
MIA,3.5,40.0,2009,8
SEA,10.0,46.0,2009,8
OAK,16.0,41.5,2009,8
JAC,3.0,44.5,2009,8
CAR,9.5,43.5,2009,8
HOU,-3.5,41.5,2009,8
NYG,-1.0,43.0,2009,8
STL,3.5,43.5,2009,8
ATL,11.0,55.5,2009,8
KC,7.0,41.5,2009,9
BAL,-3.0,44.5,2009,9
HOU,7.5,50.0,2009,9
GB,-9.5,43.0,2009,9
ARI,3.0,44.5,2009,9
MIA,11.0,47.0,2009,9
DET,10.5,42.0,2009,9
TEN,4.0,41.0,2009,9
SD,4.5,48.5,2009,9
DAL,3.0,49.5,2009,9
WAS,9.0,41.0,2009,9
CAR,12.0,51.0,2009,9
PIT,-3.0,41.0,2009,9
CHI,3.5,43.0,2009,10
JAC,6.5,41.0,2009,10
BUF,7.5,41.0,2009,10
DET,17.0,47.0,2009,10
NO,-14.0,50.5,2009,10
ATL,-1.0,43.5,2009,10
TB,10.0,43.0,2009,10
KC,3.0,36.5,2009,10
SEA,9.0,46.5,2009,10
NE,3.0,48.5,2009,10
PHI,1.0,47.0,2009,10
DAL,-3.0,47.5,2009,10
DEN,-3.5,36.5,2009,10
CIN,7.0,41.5,2009,10
BAL,-10.5,39.5,2009,10
MIA,3.5,41.5,2009,11
BUF,8.5,41.0,2009,11
PIT,-11.0,40.0,2009,11
SF,6.0,42.0,2009,11
SEA,10.5,47.0,2009,11
WAS,10.5,41.5,2009,11
NO,-11.0,50.5,2009,11
ARI,-9.0,46.5,2009,11
CIN,-9.0,36.0,2009,11
PHI,-3.5,46.0,2009,11
NYJ,11.0,44.5,2009,11
CLE,3.5,37.5,2009,11
IND,-1.0,44.5,2009,11
ATL,7.0,46.5,2009,11
SD,-6.0,41.5,2009,11
TEN,3.5,48.0,2009,11
OAK,13.5,40.5,2009,12
NYG,-4.0,43.0,2009,12
GB,-11.5,48.0,2009,12
CLE,13.0,39.5,2009,12
MIA,-3.5,38.5,2009,12
SEA,-3.5,42.5,2009,12
TB,12.5,46.0,2009,12
CAR,3.5,41.0,2009,12
JAC,3.5,42.0,2009,12
KC,13.0,45.0,2009,12
CHI,10.5,47.0,2009,12
WAS,10.0,40.5,2009,12
IND,-3.0,47.5,2009,12
ARI,3.5,44.0,2009,12
PIT,9.0,35.0,2009,12
NE,3.0,56.5,2009,12
NYJ,-3.5,37.0,2009,13
DEN,-5.5,38.5,2009,13
HOU,-1.0,47.0,2009,13
TEN,6.5,46.5,2009,13
DET,13.5,42.0,2009,13
TB,3.5,40.5,2009,13
STL,9.0,41.0,2009,13
SD,-13.5,42.5,2009,13
SF,-1.0,41.0,2009,13
DAL,-1.0,45.5,2009,13
NE,-5.0,46.0,2009,13
PHI,-4.0,43.5,2009,13
NO,-9.0,46.5,2009,13
OAK,15.0,37.0,2009,13
MIN,-3.0,48.0,2009,13
BAL,4.0,43.0,2009,13
PIT,-9.5,34.5,2009,14
DEN,6.5,43.5,2009,14
BUF,-1.0,38.0,2009,14
MIA,1.0,43.5,2009,14
CAR,13.0,43.5,2009,14
SEA,7.0,44.5,2009,14
STL,13.5,41.0,2009,14
WAS,-1.0,37.5,2009,14
SD,3.5,48.5,2009,14
PHI,-1.0,43.0,2009,14
CIN,6.0,42.0,2009,14
GB,-3.5,42.0,2009,14
DET,14.0,40.0,2009,14
NYJ,-3.5,36.0,2009,14
NO,-10.0,50.0,2009,14
ARI,-4.0,44.5,2009,14
IND,-3.0,43.0,2009,15
DAL,9.0,53.5,2009,15
GB,3.0,41.5,2009,15
NE,-7.0,41.5,2009,15
CHI,10.5,39.5,2009,15
CLE,1.0,38.5,2009,15
CIN,7.0,44.0,2009,15
TB,7.0,39.0,2009,15
MIN,-9.0,42.5,2009,15
OAK,14.0,37.0,2009,15
ARI,-14.0,46.5,2009,15
SF,9.0,41.0,2009,15
MIA,5.0,43.0,2009,15
HOU,-14.0,43.0,2009,15
ATL,5.5,36.0,2009,15
NYG,-2.5,44.0,2009,15
SD,1.0,47.5,2009,16
SEA,13.5,43.0,2009,16
KC,13.0,39.0,2009,16
HOU,1.0,46.0,2009,16
TB,13.5,48.0,2009,16
JAC,9.0,44.0,2009,16
BAL,3.0,43.0,2009,16
DEN,7.0,42.5,2009,16
DET,14.0,41.0,2009,16
BUF,9.0,40.0,2009,16
STL,16.0,44.0,2009,16
NYJ,3.5,40.5,2009,16
DAL,-7.0,42.0,2009,16
OAK,3.0,37.0,2009,16
CAR,9.0,42.5,2009,16
MIN,-9.0,41.0,2009,16
JAC,1.5,36.0,2009,17
PHI,3.0,47.0,2009,17
NE,9.0,46.0,2009,17
CIN,9.5,33.5,2009,17
ATL,-2.5,41.5,2009,17
KC,9.5,38.0,2009,17
BAL,-10.0,39.0,2009,17
TEN,-5.5,45.0,2009,17
GB,3.0,41.5,2009,17
WAS,3.5,39.5,2009,17
CHI,-4.0,44.5,2009,17
NYG,9.0,47.5,2009,17
SF,-7.0,39.5,2009,17
PIT,-3.0,45.0,2009,17
IND,9.0,33.0,2009,17
NO,10.0,41.0,2009,17
PIT,-6.0,35.5,2009,1
ATL,-4.0,44.5,2009,1
BAL,-13.0,36.5,2009,1
CAR,3.0,43.5,2009,1
CIN,-4.5,41.0,2009,1
CLE,4.0,39.5,2009,1
IND,-6.0,46.0,2009,1
NO,-14.0,49.5,2009,1
TB,4.5,39.5,2009,1
ARI,-5.0,46.0,2009,1
NYG,-6.5,37.0,2009,1
SEA,-7.0,41.0,2009,1
GB,-4.5,47.0,2009,1
HOU,-4.5,45.0,2009,1
NE,-13.0,47.0,2009,1
OAK,10.0,42.5,2009,1
DET,10.0,45.0,2009,2
TEN,-7.0,41.0,2009,2
ATL,-6.5,43.5,2009,2
WAS,-10.0,37.0,2009,2
JAC,-3.5,44.0,2009,2
SF,-1.0,39.0,2009,2
DEN,-3.5,39.0,2009,2
DAL,-3.0,45.0,2009,2
GB,-9.0,41.5,2009,2
CHI,3.0,38.0,2009,2
KC,-2.5,40.0,2009,2
NYJ,3.5,45.0,2009,2
BUF,-4.0,41.5,2009,2
SD,-1.5,41.0,2009,2
PHI,2.5,46.0,2009,2
MIA,3.0,41.0,2009,2
NYJ,-1.5,36.5,2009,3
HOU,-4.5,47.0,2009,3
BAL,-14.0,38.5,2009,3
DET,6.0,39.5,2009,3
STL,6.0,43.0,2009,3
MIN,-7.0,39.0,2009,3
NE,-4.5,45.5,2009,3
BUF,6.0,51.0,2009,3
CIN,3.5,36.5,2009,3
OAK,2.5,38.0,2009,3
TB,5.5,46.0,2009,3
SEA,1.0,37.5,2009,3
SD,-5.5,45.0,2009,3
ARI,-3.0,49.0,2009,3
PHI,-9.0,39.0,2009,3
DAL,-9.0,48.5,2009,3
HOU,-9.0,42.5,2009,4
JAC,3.0,42.0,2009,4
NE,-1.5,45.0,2009,4
CLE,6.0,37.5,2009,4
KC,9.0,42.5,2009,4
CHI,-9.5,42.5,2009,4
WAS,-9.0,36.5,2009,4
NO,-7.5,47.0,2009,4
PIT,-6.0,43.5,2009,4
MIA,-1.5,37.5,2009,4
SF,-9.0,36.5,2009,4
DEN,3.0,43.0,2009,4
IND,-10.0,44.0,2009,4
MIN,-4.5,46.0,2009,4
CAR,-5.0,38.0,2009,5
BUF,-5.5,42.0,2009,5
BAL,-9.5,42.0,2009,5
SF,-1.0,39.5,2009,5
DEN,3.0,41.5,2009,5
ARI,-5.5,50.5,2009,5
TEN,3.5,44.0,2009,5
KC,7.5,43.5,2009,5
NYG,-15.0,38.5,2009,5
DET,11.0,44.0,2009,5
STL,10.0,40.5,2009,5
PHI,-15.5,41.5,2009,5
SEA,-2.0,44.0,2009,5
MIA,3.0,36.0,2009,5
WAS,-6.5,36.5,2009,6
PIT,-14.0,38.0,2009,6
MIN,-3.0,45.5,2009,6
JAC,-9.5,42.5,2009,6
TB,3.0,40.5,2009,6
OAK,14.0,40.5,2009,6
SEA,-3.0,45.5,2009,6
ATL,-4.5,46.0,2009,6
CIN,-3.5,45.5,2009,6
NO,-3.5,47.5,2009,6
GB,-14.0,48.5,2009,6
NE,-9.0,38.0,2009,6
NYJ,-9.5,35.5,2009,6
SD,-3.5,45.0,2009,6
STL,14.0,45.0,2009,7
CLE,9.0,41.5,2009,7
PIT,-6.0,46.5,2009,7
TB,15.5,44.5,2009,7
HOU,-3.5,44.0,2009,7
OAK,6.0,34.0,2009,7
MIA,6.0,47.5,2009,7
NYG,-7.5,46.5,2009,7
CIN,1.0,42.5,2009,7
DAL,-5.5,47.5,2009,7
KC,4.5,44.0,2009,7
CAR,-7.0,37.0,2009,7
WAS,8.5,38.0,2009,7
BAL,-4.5,42.5,2009,8
CHI,-11.5,40.0,2009,8
GB,-3.5,46.5,2009,8
IND,-12.5,45.0,2009,8
NYJ,-3.5,40.0,2009,8
DAL,-10.0,46.0,2009,8
SD,-16.0,41.5,2009,8
TEN,-3.0,44.5,2009,8
ARI,-9.5,43.5,2009,8
BUF,3.5,41.5,2009,8
PHI,1.0,43.0,2009,8
DET,-3.5,43.5,2009,8
NO,-11.0,55.5,2009,8
JAC,-7.0,41.5,2009,9
CIN,3.0,44.5,2009,9
IND,-7.5,50.0,2009,9
TB,9.5,43.0,2009,9
CHI,-3.0,44.5,2009,9
NE,-11.0,47.0,2009,9
SEA,-10.5,42.0,2009,9
SF,-4.0,41.0,2009,9
NYG,-4.5,48.5,2009,9
PHI,-3.0,49.5,2009,9
ATL,-9.0,41.0,2009,9
NO,-12.0,51.0,2009,9
DEN,3.0,41.0,2009,9
SF,-3.5,43.0,2009,10
NYJ,-6.5,41.0,2009,10
TEN,-7.5,41.0,2009,10
MIN,-17.0,47.0,2009,10
STL,14.0,50.5,2009,10
CAR,1.0,43.5,2009,10
MIA,-10.0,43.0,2009,10
OAK,-3.0,36.5,2009,10
ARI,-9.0,46.5,2009,10
IND,-3.0,48.5,2009,10
SD,-1.0,47.0,2009,10
GB,3.0,47.5,2009,10
WAS,3.5,36.5,2009,10
PIT,-7.0,41.5,2009,10
CLE,10.5,39.5,2009,10
CAR,-3.5,41.5,2009,11
JAC,-8.5,41.0,2009,11
KC,11.0,40.0,2009,11
GB,-6.0,42.0,2009,11
MIN,-10.5,47.0,2009,11
DAL,-10.5,41.5,2009,11
TB,11.0,50.5,2009,11
STL,9.0,46.5,2009,11
OAK,9.0,36.0,2009,11
CHI,3.5,46.0,2009,11
NE,-11.0,44.5,2009,11
DET,-3.5,37.5,2009,11
BAL,1.0,44.5,2009,11
NYG,-7.0,46.5,2009,11
DEN,6.0,41.5,2009,11
HOU,-3.5,48.0,2009,11
DAL,-13.5,40.5,2009,12
DEN,4.0,43.0,2009,12
DET,11.5,48.0,2009,12
CIN,-13.0,39.5,2009,12
BUF,3.5,38.5,2009,12
STL,3.5,42.5,2009,12
ATL,-12.5,46.0,2009,12
NYJ,-3.5,41.0,2009,12
SF,-3.5,42.0,2009,12
SD,-13.0,45.0,2009,12
MIN,-10.5,47.0,2009,12
PHI,-10.0,40.5,2009,12
HOU,3.0,47.5,2009,12
TEN,-3.5,44.0,2009,12
BAL,-9.0,35.0,2009,12
NO,-3.0,56.5,2009,12
BUF,3.5,37.0,2009,13
KC,5.5,38.5,2009,13
JAC,1.0,47.0,2009,13
IND,-6.5,46.5,2009,13
CIN,-13.5,42.0,2009,13
CAR,-3.5,40.5,2009,13
CHI,-9.0,41.0,2009,13
CLE,13.5,42.5,2009,13
SEA,1.0,41.0,2009,13
NYG,1.0,45.5,2009,13
MIA,5.0,46.0,2009,13
ATL,4.0,43.5,2009,13
WAS,9.0,46.5,2009,13
PIT,-15.0,37.0,2009,13
ARI,3.0,48.0,2009,13
GB,-4.0,43.0,2009,13
CLE,9.5,34.5,2009,14
IND,-6.5,43.5,2009,14
KC,1.0,38.0,2009,14
JAC,-1.0,43.5,2009,14
NE,-13.0,43.5,2009,14
HOU,-7.0,44.5,2009,14
TEN,-13.5,41.0,2009,14
OAK,1.0,37.5,2009,14
DAL,-3.5,48.5,2009,14
NYG,1.0,43.0,2009,14
MIN,-6.0,42.0,2009,14
CHI,3.5,42.0,2009,14
BAL,-14.0,40.0,2009,14
TB,3.5,36.0,2009,14
ATL,10.0,50.0,2009,14
SF,4.0,44.5,2009,14
JAC,3.0,43.0,2009,15
NO,-9.0,53.5,2009,15
PIT,-3.0,41.5,2009,15
BUF,7.0,41.5,2009,15
BAL,-10.5,39.5,2009,15
KC,-1.0,38.5,2009,15
SD,-7.0,44.0,2009,15
SEA,-7.0,39.0,2009,15
CAR,9.0,42.5,2009,15
DEN,-14.0,37.0,2009,15
DET,14.0,46.5,2009,15
PHI,-9.0,41.0,2009,15
TEN,-5.0,43.0,2009,15
STL,14.0,43.0,2009,15
NYJ,-5.5,36.0,2009,15
WAS,2.5,44.0,2009,15
TEN,-1.0,47.5,2009,16
GB,-13.5,43.0,2009,16
CIN,-13.0,39.0,2009,16
MIA,-1.0,46.0,2009,16
NO,-13.5,48.0,2009,16
NE,-9.0,44.0,2009,16
PIT,-3.0,43.0,2009,16
PHI,-7.0,42.5,2009,16
SF,-14.0,41.0,2009,16
ATL,-9.0,40.0,2009,16
ARI,-16.0,44.0,2009,16
IND,-3.5,40.5,2009,16
WAS,7.0,42.0,2009,16
CLE,-3.0,37.0,2009,16
NYG,-9.0,42.5,2009,16
CHI,9.0,41.0,2009,16
CLE,-1.5,36.0,2009,17
DAL,-3.0,47.0,2009,17
HOU,-9.0,46.0,2009,17
NYJ,-9.5,33.5,2009,17
TB,2.5,41.5,2009,17
DEN,-9.5,38.0,2009,17
OAK,10.0,39.0,2009,17
SEA,5.5,45.0,2009,17
ARI,-3.0,41.5,2009,17
SD,-3.5,39.5,2009,17
DET,4.0,44.5,2009,17
MIN,-9.0,47.5,2009,17
STL,7.0,39.5,2009,17
MIA,3.0,45.0,2009,17
BUF,-9.0,33.0,2009,17
CAR,-10.0,41.0,2009,17
MIN,5.0,49.0,2010,1
CAR,6.0,41.0,2010,1
MIA,-3.0,39.0,2010,1
ATL,-1.0,39.0,2010,1
DET,6.5,44.5,2010,1
CIN,5.5,45.0,2010,1
CLE,3.0,37.0,2010,1
DEN,3.0,41.0,2010,1
IND,-1.0,48.0,2010,1
OAK,6.5,40.0,2010,1
GB,-3.0,48.0,2010,1
SF,-3.0,37.0,2010,1
ARI,-3.5,39.5,2010,1
DAL,-3.5,40.0,2010,1
BAL,1.0,36.0,2010,1
SD,-4.0,45.5,2010,1
BUF,12.5,43.0,2010,2
PIT,6.0,37.0,2010,2
ARI,7.0,43.0,2010,2
MIA,5.5,41.0,2010,2
STL,3.5,37.5,2010,2
SEA,3.5,41.5,2010,2
NYG,4.0,47.5,2010,2
PHI,-6.5,41.0,2010,2
CHI,7.5,41.0,2010,2
HOU,-2.5,43.0,2010,2
KC,3.0,38.0,2010,2
BAL,-3.0,39.0,2010,2
JAC,7.0,45.0,2010,2
NE,-3.0,39.5,2010,2
TB,4.0,38.0,2010,2
NO,-4.5,44.0,2010,2
BUF,14.5,42.5,2010,3
CLE,12.0,36.5,2010,3
PIT,-2.5,33.0,2010,3
CIN,-3.0,37.5,2010,3
DET,13.0,43.0,2010,3
DAL,2.5,47.5,2010,3
WAS,-4.5,39.0,2010,3
PHI,-3.0,45.0,2010,3
SD,-4.0,44.0,2010,3
OAK,5.0,39.0,2010,3
NYJ,2.0,35.5,2010,3
TEN,3.0,43.0,2010,3
IND,-5.5,47.0,2010,3
ATL,3.5,49.5,2010,3
SF,-2.5,37.5,2010,3
GB,-3.0,45.5,2010,3
DEN,6.5,43.5,2010,4
BAL,2.5,34.0,2010,4
CIN,-2.5,37.0,2010,4
CAR,12.5,43.5,2010,4
SF,7.0,42.5,2010,4
IND,-7.0,45.5,2010,4
HOU,-3.0,43.5,2010,4
ARI,10.0,47.0,2010,4
WAS,5.0,44.0,2010,4
SEA,-2.0,40.0,2010,4
NYJ,-6.0,36.0,2010,4
DET,14.5,46.0,2010,4
CHI,3.5,43.5,2010,4
NE,-1.0,48.0,2010,4
DEN,9.0,39.0,2010,5
JAC,2.0,41.0,2010,5
KC,7.5,46.0,2010,5
STL,3.0,43.5,2010,5
ATL,-3.0,41.5,2010,5
TB,7.0,38.5,2010,5
GB,-3.0,45.0,2010,5
NO,-7.0,45.5,2010,5
SD,-7.0,44.5,2010,5
TEN,7.0,43.0,2010,5
NYG,3.0,48.5,2010,5
CHI,3.0,33.5,2010,5
PHI,3.5,39.5,2010,5
MIN,4.5,38.0,2010,5
SD,-8.5,44.5,2010,6
KC,4.5,45.5,2010,6
BAL,3.0,44.5,2010,6
NO,-5.5,44.0,2010,6
CLE,14.0,37.0,2010,6
IND,-3.0,44.5,2010,6
DET,10.0,45.5,2010,6
OAK,9.0,41.0,2010,6
NYJ,-3.5,43.0,2010,6
DAL,1.5,43.5,2010,6
ATL,2.0,43.0,2010,6
SEA,6.0,37.5,2010,6
MIA,3.5,43.5,2010,6
TEN,-3.0,43.5,2010,6
PIT,-3.0,40.5,2010,7
CIN,3.5,42.5,2010,7
CLE,12.5,44.0,2010,7
BUF,12.5,39.5,2010,7
SF,-2.5,36.0,2010,7
STL,3.0,39.0,2010,7
ARI,6.5,40.5,2010,7
NE,3.0,49.0,2010,7
MIN,3.0,44.0,2010,7
WAS,3.0,39.5,2010,7
PHI,3.0,41.5,2010,7
OAK,7.0,43.0,2010,7
JAC,9.0,38.5,2010,7
NYG,3.5,45.0,2010,7
WAS,3.0,45.0,2010,8
CAR,3.0,37.5,2010,8
MIA,-1.0,44.0,2010,8
BUF,7.0,45.5,2010,8
TEN,5.5,45.0,2010,8
TB,3.0,38.5,2010,8
SEA,2.0,40.5,2010,8
PIT,1.5,45.0,2010,8
GB,6.5,42.0,2010,8
MIN,5.0,44.5,2010,8
DEN,2.5,41.5,2010,8
JAC,6.5,43.5,2010,8
HOU,5.0,50.5,2010,8
CHI,-3.0,41.5,2010,9
TB,10.0,44.5,2010,9
NYJ,-5.5,42.0,2010,9
MIA,5.0,41.0,2010,9
NYG,-7.0,41.0,2010,9
KC,-1.0,41.0,2010,9
DAL,7.5,46.0,2010,9
ARI,7.5,42.5,2010,9
NE,-4.0,44.0,2010,9
IND,3.0,46.0,2010,9
SD,-3.0,50.0,2010,9
NO,-5.5,40.0,2010,9
PIT,-5.5,41.5,2010,9
BAL,1.0,44.0,2010,10
HOU,1.0,48.5,2010,10
MIN,-1.0,40.5,2010,10
NYJ,-3.5,37.5,2010,10
KC,-1.0,44.5,2010,10
STL,5.5,38.5,2010,10
TEN,1.0,43.0,2010,10
DAL,13.0,46.0,2010,10
DET,1.5,45.0,2010,10
SEA,3.5,41.5,2010,10
CIN,7.0,47.0,2010,10
CAR,7.0,37.0,2010,10
NE,4.5,44.5,2010,10
PHI,-3.0,44.0,2010,10
CHI,2.5,40.5,2010,11
HOU,7.0,46.0,2010,11
BAL,-13.0,37.0,2010,11
DET,5.0,47.0,2010,11
GB,-3.0,44.5,2010,11
BUF,4.5,41.0,2010,11
CLE,2.5,43.5,2010,11
ARI,7.0,44.5,2010,11
SEA,11.0,44.0,2010,11
ATL,-3.5,43.0,2010,11
TB,4.0,41.5,2010,11
OAK,7.5,41.0,2010,11
IND,4.0,49.5,2010,11
WAS,7.0,44.0,2010,11
NYG,3.5,47.5,2010,11
DEN,9.0,50.0,2010,11
NE,-6.0,50.5,2010,12
NO,-4.5,48.0,2010,12
CIN,10.0,43.5,2010,12
PIT,-6.5,43.5,2010,12
TB,7.5,41.5,2010,12
GB,2.5,47.5,2010,12
KC,-2.0,45.0,2010,12
JAC,7.5,43.5,2010,12
PHI,-3.0,42.0,2010,12
MIN,-2.5,44.0,2010,12
STL,3.5,46.5,2010,12
SD,2.0,50.0,2010,12
TEN,5.0,46.5,2010,12
CAR,8.5,37.5,2010,12
MIA,3.0,38.0,2010,12
SF,-2.0,41.5,2010,12
HOU,9.0,51.0,2010,13
CLE,6.0,43.5,2010,13
DEN,9.0,48.5,2010,13
WAS,7.5,43.5,2010,13
CHI,-5.5,43.5,2010,13
NO,-6.5,45.0,2010,13
ATL,-3.0,43.0,2010,13
CAR,5.0,40.5,2010,13
PIT,3.0,38.5,2010,13
BUF,5.0,43.5,2010,13
OAK,13.0,45.0,2010,13
DAL,6.0,48.0,2010,13
SF,9.0,41.0,2010,13
STL,-3.5,44.0,2010,13
JAC,3.0,43.0,2010,13
NYJ,4.0,44.5,2010,13
IND,-3.0,44.5,2010,14
OAK,4.0,41.5,2010,14
CLE,1.0,39.0,2010,14
GB,-6.5,46.5,2010,14
ATL,-7.5,41.5,2010,14
TB,-1.5,41.0,2010,14
STL,9.5,46.5,2010,14
SEA,5.0,42.0,2010,14
DEN,-4.0,44.0,2010,14
KC,10.0,45.5,2010,14
PHI,-4.0,50.5,2010,14
CIN,9.0,39.5,2010,14
MIA,5.0,38.0,2010,14
NE,-3.0,37.5,2010,14
BAL,-3.0,46.5,2010,14
NYG,-4.5,43.5,2010,14
SF,10.0,44.0,2010,15
JAC,4.5,48.0,2010,15
ARI,2.5,37.5,2010,15
CLE,1.0,41.5,2010,15
BUF,5.5,40.0,2010,15
DET,4.0,42.5,2010,15
ATL,-6.0,46.0,2010,15
NYJ,4.0,35.5,2010,15
DEN,7.5,42.0,2010,15
HOU,1.0,47.0,2010,15
PHI,3.0,46.5,2010,15
WAS,9.5,44.5,2010,15
NO,2.0,44.5,2010,15
KC,3.0,42.5,2010,15
GB,14.0,43.5,2010,15
CHI,-5.5,34.0,2010,15
CAR,14.0,37.5,2010,16
DAL,-7.0,45.0,2010,16
DET,4.0,41.0,2010,16
WAS,7.0,45.0,2010,16
SF,2.5,40.0,2010,16
SEA,5.5,43.5,2010,16
BAL,-3.5,39.5,2010,16
TEN,4.0,42.5,2010,16
IND,-2.0,46.5,2010,16
HOU,-2.5,49.0,2010,16
SD,-7.5,43.5,2010,16
NE,-7.5,45.5,2010,16
NYJ,2.5,35.5,2010,16
NYG,3.0,43.0,2010,16
NO,2.5,50.0,2010,16
MIN,14.0,44.0,2010,16
TEN,9.0,47.5,2010,17
PIT,-6.0,38.0,2010,17
CIN,10.0,43.0,2010,17
NYG,-4.0,44.5,2010,17
STL,-3.0,42.5,2010,17
ARI,6.0,39.5,2010,17
SD,-5.0,47.0,2010,17
JAC,4.0,47.5,2010,17
OAK,4.5,43.5,2010,17
MIA,4.5,44.0,2010,17
CAR,14.0,41.0,2010,17
TB,7.0,46.5,2010,17
CHI,11.0,43.5,2010,17
BUF,1.0,38.0,2010,17
MIN,3.5,43.5,2010,17
DAL,-1.5,43.0,2010,17
NO,-5.0,49.0,2010,1
NYG,-6.0,41.0,2010,1
BUF,3.0,39.0,2010,1
PIT,1.0,39.0,2010,1
CHI,-6.5,44.5,2010,1
NE,-5.5,45.0,2010,1
TB,-3.0,37.0,2010,1
JAC,-3.0,41.0,2010,1
HOU,1.0,48.0,2010,1
TEN,-6.5,40.0,2010,1
PHI,3.0,48.0,2010,1
SEA,3.0,37.0,2010,1
STL,3.5,39.5,2010,1
WAS,3.5,40.0,2010,1
NYJ,-1.0,36.0,2010,1
KC,4.0,45.5,2010,1
GB,-12.5,43.0,2010,2
TEN,-6.0,37.0,2010,2
ATL,-7.0,43.0,2010,2
MIN,-5.5,41.0,2010,2
OAK,-3.5,37.5,2010,2
DEN,-3.5,41.5,2010,2
IND,-4.0,47.5,2010,2
DET,6.5,41.0,2010,2
DAL,-7.5,41.0,2010,2
WAS,2.5,43.0,2010,2
CLE,-3.0,38.0,2010,2
CIN,3.0,39.0,2010,2
SD,-7.0,45.0,2010,2
NYJ,3.0,39.5,2010,2
CAR,-4.0,38.0,2010,2
SF,4.5,44.0,2010,2
NE,-14.5,42.5,2010,3
BAL,-12.0,36.5,2010,3
TB,2.5,33.0,2010,3
CAR,3.0,37.5,2010,3
MIN,-13.0,43.0,2010,3
HOU,-2.5,47.5,2010,3
STL,4.5,39.0,2010,3
JAC,3.0,45.0,2010,3
SEA,4.0,44.0,2010,3
ARI,-5.0,39.0,2010,3
MIA,-2.0,35.5,2010,3
NYG,-3.0,43.0,2010,3
DEN,5.5,47.0,2010,3
NO,-3.5,49.5,2010,3
KC,2.5,37.5,2010,3
CHI,3.0,45.5,2010,3
TEN,-6.5,43.5,2010,4
PIT,-2.5,34.0,2010,4
CLE,2.5,37.0,2010,4
NO,-12.5,43.5,2010,4
ATL,-7.0,42.5,2010,4
JAC,7.0,45.5,2010,4
OAK,3.0,43.5,2010,4
SD,-10.0,47.0,2010,4
PHI,-5.0,44.0,2010,4
STL,2.0,40.0,2010,4
BUF,6.0,36.0,2010,4
GB,-14.5,46.0,2010,4
NYG,-3.5,43.5,2010,4
MIA,1.0,48.0,2010,4
BAL,-9.0,39.0,2010,5
BUF,-2.0,41.0,2010,5
IND,-7.5,46.0,2010,5
DET,-3.0,43.5,2010,5
CLE,3.0,41.5,2010,5
CIN,-7.0,38.5,2010,5
WAS,3.0,45.0,2010,5
ARI,7.0,45.5,2010,5
OAK,7.0,44.5,2010,5
DAL,-7.0,43.0,2010,5
HOU,-3.0,48.5,2010,5
CAR,-3.0,33.5,2010,5
SF,-3.5,39.5,2010,5
NYJ,-4.5,38.0,2010,5
STL,8.5,44.5,2010,6
HOU,-4.5,45.5,2010,6
NE,-3.0,44.5,2010,6
TB,5.5,44.0,2010,6
PIT,-14.0,37.0,2010,6
WAS,3.0,44.5,2010,6
NYG,-10.0,45.5,2010,6
SF,-9.0,41.0,2010,6
DEN,3.5,43.0,2010,6
MIN,-1.5,43.5,2010,6
PHI,-2.0,43.0,2010,6
CHI,-6.0,37.5,2010,6
GB,-3.5,43.5,2010,6
JAC,3.0,43.5,2010,6
MIA,3.0,40.5,2010,7
ATL,-3.5,42.5,2010,7
NO,-12.5,44.0,2010,7
BAL,-12.5,39.5,2010,7
CAR,2.5,36.0,2010,7
TB,-3.0,39.0,2010,7
SEA,-6.5,40.5,2010,7
SD,-3.0,49.0,2010,7
GB,-3.0,44.0,2010,7
CHI,-3.0,39.5,2010,7
TEN,-3.0,41.5,2010,7
DEN,-7.0,43.0,2010,7
KC,-9.0,38.5,2010,7
DAL,-3.5,45.0,2010,7
DET,-3.0,45.0,2010,8
STL,-3.0,37.5,2010,8
CIN,1.0,44.0,2010,8
KC,-7.0,45.5,2010,8
SD,-5.5,45.0,2010,8
ARI,-3.0,38.5,2010,8
OAK,-2.0,40.5,2010,8
NO,-1.5,45.0,2010,8
NYJ,-6.5,42.0,2010,8
NE,-5.0,44.5,2010,8
SF,-2.5,41.5,2010,8
DAL,-6.5,43.5,2010,8
IND,-5.0,50.5,2010,8
BUF,3.0,41.5,2010,9
ATL,-10.0,44.5,2010,9
DET,5.5,42.0,2010,9
BAL,-5.0,41.0,2010,9
SEA,7.0,41.0,2010,9
OAK,1.0,41.0,2010,9
GB,-7.5,46.0,2010,9
MIN,-7.5,42.5,2010,9
CLE,4.0,44.0,2010,9
PHI,-3.0,46.0,2010,9
HOU,3.0,50.0,2010,9
CAR,5.5,40.0,2010,9
CIN,5.5,41.5,2010,9
ATL,-1.0,44.0,2010,10
JAC,-1.0,48.5,2010,10
CHI,1.0,40.5,2010,10
CLE,3.5,37.5,2010,10
DEN,1.0,44.5,2010,10
SF,-5.5,38.5,2010,10
MIA,-1.0,43.0,2010,10
NYG,-13.0,46.0,2010,10
BUF,-1.5,45.0,2010,10
ARI,-3.5,41.5,2010,10
IND,-7.0,47.0,2010,10
TB,-7.0,37.0,2010,10
PIT,-4.5,44.5,2010,10
WAS,3.0,44.0,2010,10
MIA,-2.5,40.5,2010,11
NYJ,-7.0,46.0,2010,11
CAR,13.0,37.0,2010,11
DAL,-5.0,47.0,2010,11
MIN,3.0,44.5,2010,11
CIN,-4.5,41.0,2010,11
JAC,-2.5,43.5,2010,11
KC,-7.0,44.5,2010,11
NO,-11.0,44.0,2010,11
STL,3.5,43.0,2010,11
SF,-4.0,41.5,2010,11
PIT,-7.5,41.0,2010,11
NE,-4.0,49.5,2010,11
TEN,-7.0,44.0,2010,11
PHI,-3.5,47.5,2010,11
SD,-9.0,50.0,2010,11
DET,6.0,50.5,2010,12
DAL,4.5,48.0,2010,12
NYJ,-10.0,43.5,2010,12
BUF,6.5,43.5,2010,12
BAL,-7.5,41.5,2010,12
ATL,-2.5,47.5,2010,12
SEA,2.0,45.0,2010,12
NYG,-7.5,43.5,2010,12
CHI,3.0,42.0,2010,12
WAS,2.5,44.0,2010,12
DEN,-3.5,46.5,2010,12
IND,-2.0,50.0,2010,12
HOU,-5.0,46.5,2010,12
CLE,-8.5,37.5,2010,12
OAK,-3.0,38.0,2010,12
ARI,2.0,41.5,2010,12
PHI,-9.0,51.0,2010,13
MIA,-6.0,43.5,2010,13
KC,-9.0,48.5,2010,13
NYG,-7.5,43.5,2010,13
DET,5.5,43.5,2010,13
CIN,6.5,45.0,2010,13
TB,3.0,43.0,2010,13
SEA,-5.0,40.5,2010,13
BAL,-3.0,38.5,2010,13
MIN,-5.0,43.5,2010,13
SD,-13.0,45.0,2010,13
IND,-6.0,48.0,2010,13
GB,-9.0,41.0,2010,13
ARI,3.5,44.0,2010,13
TEN,-3.0,43.0,2010,13
NE,-4.0,44.5,2010,13
TEN,3.0,44.5,2010,14
JAC,-4.0,41.5,2010,14
BUF,-1.0,39.0,2010,14
DET,6.5,46.5,2010,14
CAR,7.5,41.5,2010,14
WAS,1.5,41.0,2010,14
NO,-9.5,46.5,2010,14
SF,-5.0,42.0,2010,14
ARI,4.0,44.0,2010,14
SD,-10.0,45.5,2010,14
DAL,4.0,50.5,2010,14
PIT,-9.0,39.5,2010,14
NYJ,-5.0,38.0,2010,14
CHI,3.0,37.5,2010,14
HOU,3.0,46.5,2010,14
MIN,4.5,43.5,2010,14
SD,-10.0,44.0,2010,15
IND,-4.5,48.0,2010,15
CAR,-2.5,37.5,2010,15
CIN,-1.0,41.5,2010,15
MIA,-5.5,40.0,2010,15
TB,-4.0,42.5,2010,15
SEA,6.0,46.0,2010,15
PIT,-4.0,35.5,2010,15
OAK,-7.5,42.0,2010,15
TEN,-1.0,47.0,2010,15
NYG,-3.0,46.5,2010,15
DAL,-9.5,44.5,2010,15
BAL,-2.0,44.5,2010,15
STL,-3.0,42.5,2010,15
NE,-14.0,43.5,2010,15
MIN,5.5,34.0,2010,15
PIT,-14.0,37.5,2010,16
ARI,7.0,45.0,2010,16
MIA,-4.0,41.0,2010,16
JAC,-7.0,45.0,2010,16
STL,-2.5,40.0,2010,16
TB,-5.5,43.5,2010,16
CLE,3.5,39.5,2010,16
KC,-4.0,42.5,2010,16
OAK,2.0,46.5,2010,16
DEN,2.5,49.0,2010,16
CIN,7.5,43.5,2010,16
BUF,7.5,45.5,2010,16
CHI,-2.5,35.5,2010,16
GB,-3.0,43.0,2010,16
ATL,-2.5,50.0,2010,16
PHI,-14.0,44.0,2010,16
IND,-9.0,47.5,2010,17
CLE,6.0,38.0,2010,17
BAL,-10.0,43.0,2010,17
WAS,4.0,44.5,2010,17
SEA,3.0,42.5,2010,17
SF,-6.0,39.5,2010,17
DEN,5.0,47.0,2010,17
HOU,-4.0,47.5,2010,17
KC,-4.5,43.5,2010,17
NE,-4.5,44.0,2010,17
ATL,-14.0,41.0,2010,17
NO,-7.0,46.5,2010,17
GB,-11.0,43.5,2010,17
NYJ,-1.0,38.0,2010,17
DET,-3.5,43.5,2010,17
PHI,1.5,43.0,2010,17
NO,4.5,47.5,2011,1
PIT,1.0,36.5,2011,1
DET,1.0,43.0,2011,1
ATL,-1.0,40.5,2011,1
BUF,4.0,39.5,2011,1
IND,9.0,43.5,2011,1
PHI,-4.0,44.0,2011,1
CIN,7.0,36.5,2011,1
TEN,-1.0,38.0,2011,1
NYG,-1.0,40.5,2011,1
CAR,7.0,37.5,2011,1
SEA,5.5,38.0,2011,1
MIN,9.0,43.5,2011,1
DAL,6.0,41.0,2011,1
NE,-7.0,46.5,2011,1
OAK,3.0,41.5,2011,1
CHI,5.0,46.5,2011,2
KC,9.0,45.0,2011,2
ARI,4.5,44.5,2011,2
BAL,-5.0,38.5,2011,2
SEA,14.0,39.5,2011,2
GB,-10.0,45.0,2011,2
TB,1.0,41.0,2011,2
PHI,-2.5,49.5,2011,2
CLE,-1.0,39.0,2011,2
DAL,-3.0,41.0,2011,2
JAC,9.0,38.5,2011,2
OAK,4.0,41.0,2011,2
HOU,-3.0,47.0,2011,2
SD,6.5,53.5,2011,2
CIN,3.5,40.5,2011,2
STL,7.0,44.0,2011,2
SF,1.5,39.0,2011,3
NE,-7.0,54.0,2011,3
HOU,3.5,51.0,2011,3
MIA,-1.5,41.5,2011,3
DEN,7.0,43.5,2011,3
DET,-3.0,44.5,2011,3
JAC,3.5,43.0,2011,3
KC,14.5,44.5,2011,3
ARI,-3.0,43.0,2011,3
GB,-4.0,45.0,2011,3
PIT,-10.5,39.0,2011,3
NYJ,-3.0,41.0,2011,3
ATL,1.5,45.0,2011,3
BAL,-5.5,41.5,2011,3
NYG,9.0,46.5,2011,3
WAS,3.5,44.5,2011,3
CAR,7.0,42.5,2011,4
BUF,-3.0,43.0,2011,4
TEN,1.0,37.5,2011,4
NO,-9.0,45.0,2011,4
MIN,-3.0,40.0,2011,4
NYG,-1.0,44.5,2011,4
ATL,-6.0,39.0,2011,4
DEN,12.5,46.0,2011,4
NE,-6.0,55.0,2011,4
MIA,7.0,44.5,2011,4
NYJ,4.5,43.0,2011,4
PIT,3.5,46.0,2011,4
DET,2.5,46.0,2011,4
WAS,-3.0,44.0,2011,4
SF,10.0,43.5,2011,4
IND,10.5,40.5,2011,4
ARI,3.5,45.0,2011,5
PHI,-3.0,52.5,2011,5
NO,-6.5,51.0,2011,5
CIN,-2.5,36.5,2011,5
SEA,10.0,43.5,2011,5
SD,-3.5,47.0,2011,5
GB,-6.0,53.0,2011,5
NYJ,7.5,50.0,2011,5
OAK,5.0,48.5,2011,5
KC,1.0,38.0,2011,5
TEN,3.5,40.0,2011,5
TB,2.5,41.0,2011,5
CHI,5.5,47.0,2011,5
JAC,12.5,40.0,2011,6
PHI,-3.0,46.5,2011,6
IND,5.0,40.0,2011,6
BUF,3.0,49.5,2011,6
HOU,7.0,44.0,2011,6
CLE,7.0,44.5,2011,6
DAL,7.0,54.5,2011,6
NO,-6.0,49.5,2011,6
STL,14.0,47.0,2011,6
CAR,3.5,49.5,2011,6
SF,5.5,45.0,2011,6
MIN,2.5,41.5,2011,6
MIA,7.0,41.5,2011,6
WAS,2.5,44.5,2011,7
SEA,3.5,41.0,2011,7
HOU,3.0,44.0,2011,7
ATL,4.5,47.0,2011,7
KC,3.5,42.0,2011,7
PIT,-4.0,45.5,2011,7
IND,14.0,49.0,2011,7
CHI,-1.0,44.0,2011,7
STL,14.0,43.0,2011,7
GB,-10.0,46.5,2011,7
SD,-1.0,43.5,2011,7
DEN,-1.0,41.5,2011,7
BAL,-10.0,38.5,2011,7
MIN,3.5,47.0,2011,8
MIA,9.5,42.5,2011,8
WAS,4.0,46.5,2011,8
NE,-3.0,51.5,2011,8
CLE,9.0,38.5,2011,8
DAL,3.0,48.5,2011,8
IND,9.0,43.5,2011,8
CIN,-1.5,38.0,2011,8
JAC,10.0,41.0,2011,8
ARI,11.0,43.0,2011,8
NO,-13.5,48.5,2011,8
DET,-3.0,43.0,2011,8
SD,-3.5,44.5,2011,8
ATL,-6.5,44.5,2011,9
TB,9.0,50.5,2011,9
CLE,10.5,41.5,2011,9
NYJ,2.5,45.0,2011,9
SF,-4.5,37.5,2011,9
CIN,3.0,41.5,2011,9
NYG,9.5,51.5,2011,9
BAL,3.5,42.0,2011,9
SEA,11.0,45.5,2011,9
DEN,7.0,41.5,2011,9
MIA,5.0,40.5,2011,9
GB,-5.5,50.0,2011,9
STL,1.0,41.5,2011,9
CHI,8.0,47.0,2011,9
OAK,7.0,47.5,2011,10
DEN,3.0,42.5,2011,10
JAC,-3.0,37.5,2011,10
BUF,5.0,48.5,2011,10
HOU,-3.5,45.5,2011,10
TEN,3.5,47.0,2011,10
WAS,4.0,38.0,2011,10
NO,1.0,50.0,2011,10
STL,3.0,36.0,2011,10
NYG,4.5,42.5,2011,10
NE,2.5,47.0,2011,10
PIT,-4.0,40.5,2011,10
BAL,-6.5,39.0,2011,10
DET,3.0,42.5,2011,10
ARI,13.5,47.5,2011,10
MIN,12.5,49.5,2011,10
NYJ,-6.0,39.0,2011,11
TEN,6.0,44.0,2011,11
BUF,3.0,43.5,2011,11
CIN,7.0,40.5,2011,11
JAC,2.5,34.5,2011,11
CAR,7.0,47.5,2011,11
DAL,-7.0,42.5,2011,11
ARI,9.5,41.0,2011,11
SEA,3.0,40.5,2011,11
SD,4.5,45.0,2011,11
PHI,5.5,45.0,2011,11
OAK,2.0,46.0,2011,11
TB,14.0,48.0,2011,11
KC,17.0,47.0,2011,11
GB,-5.5,55.0,2011,12
MIA,7.0,44.5,2011,12
SF,3.5,40.0,2011,12
BUF,9.0,42.0,2011,12
CHI,3.0,41.0,2011,12
CLE,7.0,37.5,2011,12
HOU,-6.0,37.5,2011,12
CAR,-3.5,46.5,2011,12
TB,3.0,43.0,2011,12
WAS,3.0,37.5,2011,12
DEN,4.5,42.0,2011,12
MIN,9.5,44.0,2011,12
PIT,-10.5,41.0,2011,12
ARI,2.5,39.5,2011,12
NE,-3.0,50.5,2011,12
NYG,7.5,51.0,2011,12
PHI,-3.0,43.5,2011,13
TEN,1.0,43.0,2011,13
OAK,3.5,43.0,2011,13
BAL,-7.0,38.0,2011,13
NYJ,-2.5,38.5,2011,13
ATL,-1.0,38.0,2011,13
CAR,-1.0,46.5,2011,13
STL,13.5,38.0,2011,13
DAL,-4.5,47.0,2011,13
IND,20.5,48.5,2011,13
KC,7.0,37.0,2011,13
CIN,7.0,42.5,2011,13
DET,9.0,53.5,2011,13
GB,-6.5,53.5,2011,13
DEN,1.0,37.5,2011,13
SD,-3.0,39.5,2011,13
CLE,14.0,40.0,2011,14
IND,16.5,41.5,2011,14
HOU,3.0,38.5,2011,14
OAK,12.5,51.5,2011,14
KC,10.5,36.5,2011,14
NE,-8.0,47.5,2011,14
ATL,-3.0,47.0,2011,14
SF,-4.0,39.5,2011,14
CHI,3.5,35.5,2011,14
NYG,4.5,50.5,2011,14
NO,-3.5,50.0,2011,14
PHI,3.0,45.0,2011,14
BUF,7.0,48.0,2011,14
MIN,10.0,46.5,2011,14
TB,-3.0,40.5,2011,14
STL,9.5,38.0,2011,14
JAC,13.5,42.5,2011,15
DAL,-7.0,47.0,2011,15
GB,-11.5,46.0,2011,15
DET,-2.5,47.5,2011,15
NE,-7.0,47.5,2011,15
NYJ,3.0,44.0,2011,15
CLE,6.0,37.0,2011,15
BAL,-1.0,44.0,2011,15
CAR,5.0,45.0,2011,15
TEN,-6.5,41.5,2011,15
WAS,6.0,45.5,2011,15
NO,-7.0,53.0,2011,15
SEA,3.5,35.0,2011,15
CIN,-7.0,38.5,2011,15
MIA,1.0,42.0,2011,15
PIT,2.5,38.0,2011,15
HOU,-6.5,40.5,2011,16
OAK,2.5,41.5,2011,16
DEN,-2.5,43.0,2011,16
JAC,7.0,40.0,2011,16
ARI,4.5,41.0,2011,16
MIA,9.0,49.5,2011,16
NYG,3.0,46.5,2011,16
MIN,7.0,44.0,2011,16
PHI,-1.5,49.5,2011,16
TB,7.5,47.5,2011,16
CLE,12.5,38.0,2011,16
SD,2.5,52.5,2011,16
SF,-1.0,37.5,2011,16
STL,12.5,34.5,2011,16
CHI,11.0,42.5,2011,16
ATL,6.5,52.0,2011,16
WAS,9.0,45.5,2011,17
TEN,-1.0,39.5,2011,17
BAL,-1.0,37.5,2011,17
IND,3.5,37.0,2011,17
NYJ,3.0,39.5,2011,17
BUF,10.5,49.5,2011,17
SD,3.0,48.5,2011,17
KC,3.0,37.0,2011,17
SEA,3.0,40.5,2011,17
TB,10.0,45.5,2011,17
SF,-10.5,35.0,2011,17
CHI,1.0,41.0,2011,17
DET,-4.5,41.5,2011,17
DAL,3.0,47.5,2011,17
CAR,7.5,54.5,2011,17
PIT,-6.5,33.5,2011,17
GB,-4.5,47.5,2011,1
BAL,-1.0,36.5,2011,1
TB,-1.0,43.0,2011,1
CHI,1.0,40.5,2011,1
KC,-4.0,39.5,2011,1
HOU,-9.0,43.5,2011,1
STL,4.0,44.0,2011,1
CLE,-7.0,36.5,2011,1
JAC,1.0,38.0,2011,1
WAS,1.0,40.5,2011,1
ARI,-7.0,37.5,2011,1
SF,-5.5,38.0,2011,1
SD,-9.0,43.5,2011,1
NYJ,-6.0,41.0,2011,1
MIA,7.0,46.5,2011,1
DEN,-3.0,41.5,2011,1
NO,-5.0,46.5,2011,2
DET,-9.0,45.0,2011,2
WAS,-4.5,44.5,2011,2
TEN,5.0,38.5,2011,2
PIT,-14.0,39.5,2011,2
CAR,10.0,45.0,2011,2
MIN,-1.0,41.0,2011,2
ATL,2.5,49.5,2011,2
IND,1.0,39.0,2011,2
SF,3.0,41.0,2011,2
NYJ,-9.0,38.5,2011,2
BUF,-4.0,41.0,2011,2
MIA,3.0,47.0,2011,2
NE,-6.5,53.5,2011,2
DEN,-3.5,40.5,2011,2
NYG,-7.0,44.0,2011,2
CIN,-1.5,39.0,2011,3
BUF,7.0,54.0,2011,3
NO,-3.5,51.0,2011,3
CLE,1.5,41.5,2011,3
TEN,-7.0,43.5,2011,3
MIN,3.0,44.5,2011,3
CAR,-3.5,43.0,2011,3
SD,-14.5,44.5,2011,3
SEA,3.0,43.0,2011,3
CHI,4.0,45.0,2011,3
IND,10.5,39.0,2011,3
OAK,3.0,41.0,2011,3
TB,-1.5,45.0,2011,3
STL,5.5,41.5,2011,3
PHI,-9.0,46.5,2011,3
DAL,-3.5,44.5,2011,3
CHI,-7.0,42.5,2011,4
CIN,3.0,43.0,2011,4
CLE,-1.0,37.5,2011,4
JAC,9.0,45.0,2011,4
KC,3.0,40.0,2011,4
ARI,1.0,44.5,2011,4
SEA,6.0,39.0,2011,4
GB,-12.5,46.0,2011,4
OAK,6.0,55.0,2011,4
SD,-7.0,44.5,2011,4
BAL,-4.5,43.0,2011,4
HOU,-3.5,46.0,2011,4
DAL,-2.5,46.0,2011,4
STL,3.0,44.0,2011,4
PHI,-10.0,43.5,2011,4
TB,-10.5,40.5,2011,4
MIN,-3.5,45.0,2011,5
BUF,3.0,52.5,2011,5
CAR,6.5,51.0,2011,5
JAC,2.5,36.5,2011,5
NYG,-10.0,43.5,2011,5
DEN,3.5,47.0,2011,5
ATL,6.0,53.0,2011,5
NE,-7.5,50.0,2011,5
HOU,-5.0,48.5,2011,5
IND,-1.0,38.0,2011,5
PIT,-3.5,40.0,2011,5
SF,-2.5,41.0,2011,5
DET,-5.5,47.0,2011,5
PIT,-12.5,40.0,2011,6
WAS,3.0,46.5,2011,6
CIN,-5.0,40.0,2011,6
NYG,-3.0,49.5,2011,6
BAL,-7.0,44.0,2011,6
OAK,-7.0,44.5,2011,6
NE,-7.0,54.5,2011,6
TB,6.0,49.5,2011,6
GB,-14.0,47.0,2011,6
ATL,-3.5,49.5,2011,6
DET,-5.5,45.0,2011,6
CHI,-2.5,41.5,2011,6
NYJ,-7.0,41.5,2011,6
CAR,-2.5,44.5,2011,7
CLE,-3.5,41.0,2011,7
TEN,-3.0,44.0,2011,7
DET,-4.5,47.0,2011,7
OAK,-3.5,42.0,2011,7
ARI,4.0,45.5,2011,7
NO,-14.0,49.0,2011,7
TB,1.0,44.0,2011,7
DAL,-14.0,43.0,2011,7
MIN,10.0,46.5,2011,7
NYJ,1.0,43.5,2011,7
MIA,1.0,41.5,2011,7
JAC,10.0,38.5,2011,7
CAR,-3.5,47.0,2011,8
NYG,-9.5,42.5,2011,8
BUF,-4.0,46.5,2011,8
PIT,3.0,51.5,2011,8
SF,-9.0,38.5,2011,8
PHI,-3.0,48.5,2011,8
TEN,-9.0,43.5,2011,8
SEA,1.5,38.0,2011,8
HOU,-10.0,41.0,2011,8
BAL,-11.0,43.0,2011,8
STL,13.5,48.5,2011,8
DEN,3.0,43.0,2011,8
KC,3.5,44.5,2011,8
IND,6.5,44.5,2011,9
NO,-9.0,50.5,2011,9
HOU,-10.5,41.5,2011,9
BUF,-2.5,45.0,2011,9
WAS,4.5,37.5,2011,9
TEN,-3.0,41.5,2011,9
NE,-9.5,51.5,2011,9
PIT,-3.5,42.0,2011,9
DAL,-11.0,45.5,2011,9
OAK,-7.0,41.5,2011,9
KC,-5.0,40.5,2011,9
SD,5.5,50.0,2011,9
ARI,-1.0,41.5,2011,9
PHI,-8.0,47.0,2011,9
SD,-7.0,47.5,2011,10
KC,-3.0,42.5,2011,10
IND,3.0,37.5,2011,10
DAL,-5.0,48.5,2011,10
TB,3.5,45.5,2011,10
CAR,-3.5,47.0,2011,10
MIA,-4.0,38.0,2011,10
ATL,-1.0,50.0,2011,10
CLE,-3.0,36.0,2011,10
SF,-4.5,42.5,2011,10
NYJ,-2.5,47.0,2011,10
CIN,4.0,40.5,2011,10
SEA,6.5,39.0,2011,10
CHI,-3.0,42.5,2011,10
PHI,-13.5,47.5,2011,10
GB,-12.5,49.5,2011,10
DEN,6.0,39.0,2011,11
ATL,-6.0,44.0,2011,11
MIA,-3.0,43.5,2011,11
BAL,-7.0,40.5,2011,11
CLE,-2.5,34.5,2011,11
DET,-7.0,47.5,2011,11
WAS,7.0,42.5,2011,11
SF,-9.5,41.0,2011,11
STL,-3.0,40.5,2011,11
CHI,-4.5,45.0,2011,11
NYG,-5.5,45.0,2011,11
MIN,-2.0,46.0,2011,11
GB,-14.0,48.0,2011,11
NE,-17.0,47.0,2011,11
DET,5.5,55.0,2011,12
DAL,-7.0,44.5,2011,12
BAL,-3.5,40.0,2011,12
NYJ,-9.0,42.0,2011,12
OAK,-3.0,41.0,2011,12
CIN,-7.0,37.5,2011,12
JAC,6.0,37.5,2011,12
IND,3.5,46.5,2011,12
TEN,-3.0,43.0,2011,12
SEA,-3.0,37.5,2011,12
SD,-4.5,42.0,2011,12
ATL,-9.5,44.0,2011,12
KC,10.5,41.0,2011,12
STL,-2.5,39.5,2011,12
PHI,3.0,50.5,2011,12
NO,-7.5,51.0,2011,12
SEA,3.0,43.5,2011,13
BUF,-1.0,43.0,2011,13
MIA,-3.5,43.0,2011,13
CLE,7.0,38.0,2011,13
WAS,2.5,38.5,2011,13
HOU,1.0,38.0,2011,13
TB,1.0,46.5,2011,13
SF,-13.5,38.0,2011,13
ARI,4.5,47.0,2011,13
NE,-20.5,48.5,2011,13
CHI,-7.0,37.0,2011,13
PIT,-7.0,42.5,2011,13
NO,-9.0,53.5,2011,13
NYG,6.5,53.5,2011,13
MIN,-1.0,37.5,2011,13
JAC,3.0,39.5,2011,13
PIT,-14.0,40.0,2011,14
BAL,-16.5,41.5,2011,14
CIN,-3.0,38.5,2011,14
GB,-12.5,51.5,2011,14
NYJ,-10.5,36.5,2011,14
WAS,8.0,47.5,2011,14
CAR,3.0,47.0,2011,14
ARI,4.0,39.5,2011,14
DEN,-3.5,35.5,2011,14
DAL,-4.5,50.5,2011,14
TEN,3.5,50.0,2011,14
MIA,-3.0,45.0,2011,14
SD,-7.0,48.0,2011,14
DET,-10.0,46.5,2011,14
JAC,3.0,40.5,2011,14
SEA,-9.5,38.0,2011,14
ATL,-13.5,42.5,2011,15
TB,7.0,47.0,2011,15
KC,11.5,46.0,2011,15
OAK,2.5,47.5,2011,15
DEN,7.0,47.5,2011,15
PHI,-3.0,44.0,2011,15
ARI,-6.0,37.0,2011,15
SD,1.0,44.0,2011,15
HOU,-5.0,45.0,2011,15
IND,6.5,41.5,2011,15
NYG,-6.0,45.5,2011,15
MIN,7.0,53.0,2011,15
CHI,-3.5,35.0,2011,15
STL,7.0,38.5,2011,15
BUF,-1.0,42.0,2011,15
SF,-2.5,38.0,2011,15
IND,6.5,40.5,2011,16
KC,-2.5,41.5,2011,16
BUF,2.5,43.0,2011,16
TEN,-7.0,40.0,2011,16
CIN,-4.5,41.0,2011,16
NE,-9.0,49.5,2011,16
NYJ,-3.0,46.5,2011,16
WAS,-7.0,44.0,2011,16
DAL,1.5,49.5,2011,16
CAR,-7.5,47.5,2011,16
BAL,-12.5,38.0,2011,16
DET,-2.5,52.5,2011,16
SEA,1.0,37.5,2011,16
PIT,-12.5,34.5,2011,16
GB,-11.0,42.5,2011,16
NO,-6.5,52.0,2011,16
PHI,-9.0,45.5,2011,17
HOU,1.0,39.5,2011,17
CIN,1.0,37.5,2011,17
JAC,-3.5,37.0,2011,17
MIA,-3.0,39.5,2011,17
NE,-10.5,49.5,2011,17
OAK,-3.0,48.5,2011,17
DEN,-3.0,37.0,2011,17
ARI,-3.0,40.5,2011,17
ATL,-10.0,45.5,2011,17
STL,10.5,35.0,2011,17
MIN,-1.0,41.0,2011,17
GB,4.5,41.5,2011,17
NYG,-3.0,47.5,2011,17
NO,-7.5,54.5,2011,17
CLE,6.5,33.5,2011,17
DAL,3.5,45.0,2012,1
IND,9.5,43.5,2012,1
PHI,-9.5,43.0,2012,1
BUF,3.0,38.5,2012,1
WAS,9.0,50.5,2012,1
NE,-4.5,47.5,2012,1
JAC,3.5,38.0,2012,1
MIA,12.5,41.5,2012,1
STL,9.0,45.5,2012,1
ATL,-2.0,42.5,2012,1
SF,5.0,46.0,2012,1
CAR,-2.5,46.5,2012,1
SEA,-2.5,40.5,2012,1
PIT,1.5,46.0,2012,1
CIN,7.0,41.0,2012,1
SD,1.0,47.0,2012,1
CHI,5.5,51.0,2012,2
TB,7.5,44.0,2012,2
ARI,13.5,48.0,2012,2
MIN,-3.0,45.0,2012,2
NO,-2.5,52.0,2012,2
KC,3.5,44.5,2012,2
BAL,2.5,46.0,2012,2
OAK,-1.0,39.0,2012,2
CLE,7.0,39.5,2012,2
HOU,-7.0,41.0,2012,2
DAL,-3.0,42.0,2012,2
WAS,-3.5,43.5,2012,2
NYJ,5.0,42.5,2012,2
TEN,7.0,43.0,2012,2
DET,7.0,46.5,2012,2
DEN,3.0,52.0,2012,2
NYG,2.5,49.5,2012,3
STL,7.5,43.0,2012,3
TB,8.0,45.5,2012,3
SF,-6.5,42.5,2012,3
DET,-3.5,47.5,2012,3
CIN,3.0,49.5,2012,3
NYJ,-1.0,41.0,2012,3
KC,9.0,52.5,2012,3
BUF,-3.0,44.5,2012,3
PHI,-3.0,42.0,2012,3
ATL,3.0,47.5,2012,3
HOU,-1.5,44.5,2012,3
PIT,-4.0,45.5,2012,3
NE,2.5,49.5,2012,3
JAC,3.0,43.0,2012,3
GB,-3.0,45.0,2012,3
CLE,11.5,43.5,2012,4
CAR,7.0,48.5,2012,4
SF,-4.0,41.0,2012,4
SD,-1.0,44.5,2012,4
SEA,-3.0,39.0,2012,4
MIA,4.5,40.5,2012,4
OAK,7.0,49.0,2012,4
CIN,-1.0,44.5,2012,4
NO,7.0,53.5,2012,4
WAS,2.5,47.5,2012,4
NYG,2.0,47.5,2012,4
NE,-4.0,49.5,2012,4
TEN,11.0,44.5,2012,4
MIN,4.0,49.0,2012,4
CHI,3.0,41.5,2012,4
ARI,-1.5,39.5,2012,5
ATL,-3.0,50.5,2012,5
PHI,3.5,43.5,2012,5
GB,-7.0,48.0,2012,5
CLE,7.5,43.5,2012,5
TEN,5.5,44.0,2012,5
MIA,3.0,45.5,2012,5
BAL,-6.5,46.0,2012,5
SEA,3.0,42.5,2012,5
CHI,-5.5,40.5,2012,5
DEN,6.5,52.0,2012,5
BUF,10.0,45.5,2012,5
SD,3.5,52.5,2012,5
HOU,-8.0,41.0,2012,5
PIT,-6.0,43.5,2012,6
CIN,-2.5,43.0,2012,6
OAK,9.5,48.5,2012,6
DAL,3.5,44.5,2012,6
DET,3.5,48.0,2012,6
STL,4.5,37.5,2012,6
NE,-3.5,44.0,2012,6
BUF,4.0,44.0,2012,6
NYG,6.5,46.0,2012,6
GB,3.5,47.5,2012,6
KC,4.0,40.5,2012,6
IND,3.5,44.0,2012,6
MIN,-1.0,0.0,2012,6
DEN,1.0,49.0,2012,6
SEA,7.0,37.5,2012,7
TEN,3.5,46.5,2012,7
ARI,7.0,40.5,2012,7
CLE,1.0,45.5,2012,7
BAL,7.0,48.0,2012,7
GB,-4.5,45.5,2012,7
DAL,-1.0,45.5,2012,7
WAS,6.5,51.0,2012,7
NO,-1.0,49.5,2012,7
NYJ,10.5,47.0,2012,7
JAC,6.0,43.5,2012,7
PIT,-1.0,45.5,2012,7
DET,6.0,47.0,2012,7
TB,6.5,42.5,2012,8
NE,-7.0,46.5,2012,8
IND,3.5,47.0,2012,8
SD,-3.0,41.0,2012,8
ATL,1.0,42.5,2012,8
SEA,1.0,43.0,2012,8
MIA,1.5,39.0,2012,8
CAR,9.0,42.5,2012,8
NYG,-2.5,48.0,2012,8
NO,6.0,54.5,2012,8
WAS,4.0,44.5,2012,8
OAK,1.5,41.5,2012,8
JAC,14.0,46.0,2012,8
SF,-7.0,38.5,2012,8
KC,9.0,42.5,2012,9
DEN,-4.0,48.0,2012,9
ARI,10.0,43.5,2012,9
MIA,-1.0,43.0,2012,9
BAL,-3.5,42.5,2012,9
BUF,10.5,48.0,2012,9
CAR,3.0,48.0,2012,9
DET,-5.5,44.5,2012,9
CHI,-3.5,43.5,2012,9
MIN,4.0,39.0,2012,9
TB,1.0,47.0,2012,9
PIT,3.5,47.5,2012,9
DAL,3.5,47.5,2012,9
PHI,3.0,52.0,2012,9
IND,-3.0,42.5,2012,10
BUF,13.0,53.0,2012,10
NYG,-4.0,48.5,2012,10
SD,3.0,47.0,2012,10
DEN,-3.5,47.0,2012,10
TEN,6.0,44.0,2012,10
OAK,9.0,47.5,2012,10
ATL,-1.0,53.0,2012,10
DET,-3.0,46.5,2012,10
NYJ,6.0,39.0,2012,10
DAL,-1.0,44.5,2012,10
STL,12.5,38.5,2012,10
HOU,1.0,40.0,2012,10
KC,11.5,41.0,2012,10
MIA,1.0,45.0,2012,11
GB,-3.0,52.5,2012,11
ARI,9.5,44.0,2012,11
TB,-1.0,48.0,2012,11
CLE,7.5,43.5,2012,11
NYJ,3.5,39.0,2012,11
IND,10.0,54.0,2012,11
JAC,15.5,40.5,2012,11
CIN,-3.5,43.0,2012,11
NO,-4.5,55.0,2012,11
SD,9.0,48.0,2012,11
BAL,-3.5,40.0,2012,11
PHI,3.5,44.0,2012,11
CHI,5.0,35.5,2012,11
HOU,-3.0,50.0,2012,12
WAS,3.5,48.0,2012,12
NE,-7.0,48.5,2012,12
OAK,9.5,51.0,2012,12
BUF,3.0,51.0,2012,12
DEN,-10.0,43.0,2012,12
TEN,-3.5,45.0,2012,12
ATL,-1.0,51.0,2012,12
SEA,-2.5,37.5,2012,12
BAL,-1.0,47.5,2012,12
STL,1.0,37.0,2012,12
GB,3.0,51.0,2012,12
SF,-1.0,49.0,2012,12
PIT,-1.0,34.0,2012,12
MIN,7.0,38.5,2012,12
CAR,-3.0,40.5,2012,12
NO,3.5,55.5,2012,13
SEA,3.5,37.5,2012,13
MIN,7.5,47.0,2012,13
SF,-7.5,40.5,2012,13
ARI,6.0,36.5,2012,13
CAR,-4.0,39.0,2012,13
IND,6.0,50.5,2012,13
JAC,6.0,42.5,2012,13
NE,-7.5,51.0,2012,13
HOU,-6.5,47.5,2012,13
TB,9.0,50.5,2012,13
CIN,-1.0,46.5,2012,13
PHI,10.5,43.0,2012,13
PIT,7.5,36.0,2012,13
CLE,-2.5,37.5,2012,13
NYG,-3.0,51.0,2012,13
DEN,-10.0,48.0,2012,14
BAL,1.0,47.5,2012,14
KC,7.0,38.0,2012,14
TEN,5.0,46.5,2012,14
NYJ,-3.0,38.5,2012,14
CHI,-3.0,39.5,2012,14
ATL,-3.5,47.5,2012,14
STL,3.0,42.5,2012,14
DAL,3.5,46.0,2012,14
MIA,10.5,38.5,2012,14
NO,5.0,53.0,2012,14
ARI,9.5,35.5,2012,14
DET,6.5,48.5,2012,14
PHI,9.0,48.0,2012,14
SD,9.0,39.5,2012,14
HOU,3.5,51.0,2012,14
CIN,-4.5,44.5,2012,15
NYG,1.0,49.5,2012,15
TB,4.0,54.0,2012,15
MIN,2.5,39.0,2012,15
JAC,9.0,38.0,2012,15
IND,10.0,48.0,2012,15
CAR,3.0,45.0,2012,15
SEA,-5.0,43.5,2012,15
DET,-6.5,43.5,2012,15
PIT,-1.0,45.0,2012,15
KC,3.5,43.5,2012,15
SF,4.5,47.0,2012,15
DEN,-3.0,48.0,2012,15
GB,-1.0,43.5,2012,15
WAS,3.0,40.0,2012,15
NYJ,1.0,41.5,2012,15
ATL,-4.0,50.5,2012,16
TEN,12.5,45.0,2012,16
OAK,9.0,46.5,2012,16
BUF,4.5,41.5,2012,16
CIN,3.5,41.5,2012,16
NE,-14.0,51.0,2012,16
IND,-6.0,41.5,2012,16
NO,1.0,53.0,2012,16
STL,3.0,44.0,2012,16
NYG,-1.0,47.5,2012,16
MIN,9.0,45.0,2012,16
CLE,11.5,44.0,2012,16
CHI,-6.0,37.0,2012,16
SF,1.0,39.0,2012,16
SD,2.5,37.5,2012,16
WAS,-6.0,45.5,2012,16
NYJ,3.5,39.5,2012,17
MIA,10.5,47.0,2012,17
BAL,2.5,0.0,2012,17
JAC,5.5,42.0,2012,17
PHI,7.0,45.5,2012,17
DAL,3.5,49.0,2012,17
CHI,-3.0,44.5,2012,17
GB,-3.0,45.5,2012,17
CAR,5.0,54.0,2012,17
KC,16.5,41.5,2012,17
HOU,-7.0,47.0,2012,17
ARI,16.5,38.0,2012,17
STL,11.5,42.0,2012,17
TB,3.5,45.5,2012,17
OAK,8.0,40.5,2012,17
CLE,9.5,35.0,2012,17
NYG,-3.5,45.0,2012,1
CHI,-9.5,43.5,2012,1
CLE,9.5,43.0,2012,1
NYJ,-3.0,38.5,2012,1
NO,-9.0,50.5,2012,1
TEN,4.5,47.5,2012,1
MIN,-3.5,38.0,2012,1
HOU,-12.5,41.5,2012,1
DET,-9.0,45.5,2012,1
KC,2.0,42.5,2012,1
GB,-5.0,46.0,2012,1
TB,2.5,46.5,2012,1
ARI,2.5,40.5,2012,1
DEN,-1.5,46.0,2012,1
BAL,-7.0,41.0,2012,1
OAK,-1.0,47.0,2012,1
GB,-5.5,51.0,2012,2
NYG,-7.5,44.0,2012,2
NE,-13.5,48.0,2012,2
IND,3.0,45.0,2012,2
CAR,2.5,52.0,2012,2
BUF,-3.5,44.5,2012,2
PHI,-2.5,46.0,2012,2
MIA,1.0,39.0,2012,2
CIN,-7.0,39.5,2012,2
JAC,7.0,41.0,2012,2
SEA,3.0,42.0,2012,2
STL,3.5,43.5,2012,2
PIT,-5.0,42.5,2012,2
SD,-7.0,43.0,2012,2
SF,-7.0,46.5,2012,2
ATL,-3.0,52.0,2012,2
CAR,-2.5,49.5,2012,3
CHI,-7.5,43.0,2012,3
DAL,-8.0,45.5,2012,3
MIN,6.5,42.5,2012,3
TEN,3.5,47.5,2012,3
WAS,-3.0,49.5,2012,3
MIA,1.0,41.0,2012,3
NO,-9.0,52.5,2012,3
CLE,3.0,44.5,2012,3
ARI,3.0,42.0,2012,3
SD,-3.0,47.5,2012,3
DEN,1.5,44.5,2012,3
OAK,4.0,45.5,2012,3
BAL,-2.5,49.5,2012,3
IND,-3.0,43.0,2012,3
SEA,3.0,45.0,2012,3
BAL,-11.5,43.5,2012,4
ATL,-7.0,48.5,2012,4
NYJ,4.0,41.0,2012,4
KC,1.0,44.5,2012,4
STL,3.0,39.0,2012,4
ARI,-4.5,40.5,2012,4
DEN,-7.0,49.0,2012,4
JAC,1.0,44.5,2012,4
GB,-7.0,53.5,2012,4
TB,-2.5,47.5,2012,4
PHI,-2.0,47.5,2012,4
BUF,4.0,49.5,2012,4
HOU,-11.0,44.5,2012,4
DET,-4.0,49.0,2012,4
DAL,-3.0,41.5,2012,4
STL,1.5,39.5,2012,5
WAS,3.0,50.5,2012,5
PIT,-3.5,43.5,2012,5
IND,7.0,48.0,2012,5
NYG,-7.5,43.5,2012,5
MIN,-5.5,44.0,2012,5
CIN,-3.0,45.5,2012,5
KC,6.5,46.0,2012,5
CAR,-3.0,42.5,2012,5
JAC,5.5,40.5,2012,5
NE,-6.5,52.0,2012,5
SF,-10.0,45.5,2012,5
NO,-3.5,52.5,2012,5
NYJ,8.0,41.0,2012,5
TEN,6.0,43.5,2012,6
CLE,2.5,43.0,2012,6
ATL,-9.5,48.5,2012,6
BAL,-3.5,44.5,2012,6
PHI,-3.5,48.0,2012,6
MIA,-4.5,37.5,2012,6
SEA,3.5,44.0,2012,6
ARI,-4.0,44.0,2012,6
SF,-6.5,46.0,2012,6
HOU,-3.5,47.5,2012,6
TB,-4.0,40.5,2012,6
NYJ,-3.5,44.0,2012,6
WAS,1.0,0.0,2012,6
SD,-1.0,49.0,2012,6
SF,-7.0,37.5,2012,7
BUF,-3.5,46.5,2012,7
MIN,-7.0,40.5,2012,7
IND,-1.0,45.5,2012,7
HOU,-7.0,48.0,2012,7
STL,4.5,45.5,2012,7
CAR,1.0,45.5,2012,7
NYG,-6.5,51.0,2012,7
TB,1.0,49.5,2012,7
NE,-10.5,47.0,2012,7
OAK,-6.0,43.5,2012,7
CIN,1.0,45.5,2012,7
CHI,-6.0,47.0,2012,7
MIN,-6.5,42.5,2012,8
STL,7.0,46.5,2012,8
TEN,-3.5,47.0,2012,8
CLE,3.0,41.0,2012,8
PHI,-1.0,42.5,2012,8
DET,-1.0,43.0,2012,8
NYJ,-1.5,39.0,2012,8
CHI,-9.0,42.5,2012,8
DAL,2.5,48.0,2012,8
DEN,-6.0,54.5,2012,8
PIT,-4.0,44.5,2012,8
KC,-1.5,41.5,2012,8
GB,-14.0,46.0,2012,8
ARI,7.0,38.5,2012,8
SD,-9.0,42.5,2012,9
CIN,4.0,48.0,2012,9
GB,-10.0,43.5,2012,9
IND,1.0,43.0,2012,9
CLE,3.5,42.5,2012,9
HOU,-10.5,48.0,2012,9
WAS,-3.0,48.0,2012,9
JAC,5.5,44.5,2012,9
TEN,3.5,43.5,2012,9
SEA,-4.0,39.0,2012,9
OAK,-1.0,47.0,2012,9
NYG,-3.5,47.5,2012,9
ATL,-3.5,47.5,2012,9
NO,-3.0,52.0,2012,9
JAC,3.0,42.5,2012,10
NE,-13.0,53.0,2012,10
CIN,4.0,48.5,2012,10
TB,-3.0,47.0,2012,10
CAR,3.5,47.0,2012,10
MIA,-6.0,44.0,2012,10
BAL,-9.0,47.5,2012,10
NO,1.0,53.0,2012,10
MIN,3.0,46.5,2012,10
SEA,-6.0,39.0,2012,10
PHI,1.0,44.5,2012,10
SF,-12.5,38.5,2012,10
CHI,-1.0,40.0,2012,10
PIT,-11.5,41.0,2012,10
BUF,-1.0,45.0,2012,11
DET,3.0,52.5,2012,11
ATL,-9.5,44.0,2012,11
CAR,1.0,48.0,2012,11
DAL,-7.5,43.5,2012,11
STL,-3.5,39.0,2012,11
NE,-10.0,54.0,2012,11
HOU,-15.5,40.5,2012,11
KC,3.5,43.0,2012,11
OAK,4.5,55.0,2012,11
DEN,-9.0,48.0,2012,11
PIT,3.5,40.0,2012,11
WAS,-3.5,44.0,2012,11
SF,-5.0,35.5,2012,11
DET,3.0,50.0,2012,12
DAL,-3.5,48.0,2012,12
NYJ,7.0,48.5,2012,12
CIN,-9.5,51.0,2012,12
IND,-3.0,51.0,2012,12
KC,10.0,43.0,2012,12
JAC,3.5,45.0,2012,12
TB,1.0,51.0,2012,12
MIA,2.5,37.5,2012,12
SD,1.0,47.5,2012,12
ARI,-1.0,37.0,2012,12
NYG,-3.0,51.0,2012,12
NO,1.0,49.0,2012,12
CLE,1.0,34.0,2012,12
CHI,-7.0,38.5,2012,12
PHI,3.0,40.5,2012,12
ATL,-3.5,55.5,2012,13
CHI,-3.5,37.5,2012,13
GB,-7.5,47.0,2012,13
STL,7.5,40.5,2012,13
NYJ,-6.0,36.5,2012,13
KC,4.0,39.0,2012,13
DET,-6.0,50.5,2012,13
BUF,-6.0,42.5,2012,13
MIA,7.5,51.0,2012,13
TEN,6.5,47.5,2012,13
DEN,-9.0,50.5,2012,13
SD,1.0,46.5,2012,13
DAL,-10.5,43.0,2012,13
BAL,-7.5,36.0,2012,13
OAK,2.5,37.5,2012,13
WAS,3.0,51.0,2012,13
OAK,10.0,48.0,2012,14
WAS,-1.0,47.5,2012,14
CLE,-7.0,38.0,2012,14
IND,-5.0,46.5,2012,14
JAC,3.0,38.5,2012,14
MIN,3.0,39.5,2012,14
CAR,3.5,47.5,2012,14
BUF,-3.0,42.5,2012,14
CIN,-3.5,46.0,2012,14
SF,-10.5,38.5,2012,14
NYG,-5.0,53.0,2012,14
SEA,-9.5,35.5,2012,14
GB,-6.5,48.5,2012,14
TB,-9.0,48.0,2012,14
PIT,-9.0,39.5,2012,14
NE,-3.5,51.0,2012,14
PHI,4.5,44.5,2012,15
ATL,-1.0,49.5,2012,15
NO,-4.0,54.0,2012,15
STL,-2.5,39.0,2012,15
MIA,-9.0,38.0,2012,15
HOU,-10.0,48.0,2012,15
SD,-3.0,45.0,2012,15
BUF,5.0,43.5,2012,15
ARI,6.5,43.5,2012,15
DAL,1.0,45.0,2012,15
OAK,-3.5,43.5,2012,15
NE,-4.5,47.0,2012,15
BAL,3.0,48.0,2012,15
CHI,1.0,43.5,2012,15
CLE,-3.0,40.0,2012,15
TEN,-1.0,41.5,2012,15
DET,4.0,50.5,2012,16
GB,-12.5,45.0,2012,16
CAR,-9.0,46.5,2012,16
MIA,-4.5,41.5,2012,16
PIT,-3.5,41.5,2012,16
JAC,14.0,51.0,2012,16
KC,6.0,41.5,2012,16
DAL,-1.0,53.0,2012,16
TB,-3.0,44.0,2012,16
BAL,1.0,47.5,2012,16
HOU,-9.0,45.0,2012,16
DEN,-11.5,44.0,2012,16
ARI,6.0,37.0,2012,16
SEA,-1.0,39.0,2012,16
NYJ,-2.5,37.5,2012,16
PHI,6.0,45.5,2012,16
BUF,-3.5,39.5,2012,17
NE,-10.5,47.0,2012,17
CIN,-2.5,0.0,2012,17
TEN,-5.5,42.0,2012,17
NYG,-7.0,45.5,2012,17
WAS,-3.5,49.0,2012,17
DET,3.0,44.5,2012,17
MIN,3.0,45.5,2012,17
NO,-5.0,54.0,2012,17
DEN,-16.5,41.5,2012,17
IND,7.0,47.0,2012,17
SF,-16.5,38.0,2012,17
SEA,-11.5,42.0,2012,17
ATL,-3.5,45.5,2012,17
SD,-8.0,40.5,2012,17
PIT,-9.5,35.0,2012,17
BAL,7.0,48.0,2013,1
NE,-7.0,53.0,2013,1
TEN,6.5,43.5,2013,1
ATL,3.0,54.0,2013,1
TB,-2.0,41.0,2013,1
KC,-2.5,39.5,2013,1
CIN,3.5,45.0,2013,1
MIA,0.0,39.5,2013,1
SEA,-3.5,45.0,2013,1
MIN,3.0,47.0,2013,1
OAK,7.0,48.5,2013,1
ARI,6.0,40.0,2013,1
GB,5.5,50.0,2013,1
NYG,3.0,49.0,2013,1
PHI,5.0,50.5,2013,1
HOU,-3.0,46.0,2013,1
NYJ,12.0,44.0,2013,2
CLE,6.5,43.0,2013,2
MIA,3.0,42.5,2013,2
CAR,-3.0,44.5,2013,2
STL,6.5,47.0,2013,2
MIN,6.5,41.0,2013,2
NO,-3.0,46.5,2013,2
DET,0.0,47.0,2013,2
JAC,6.0,39.5,2013,2
SF,3.0,45.0,2013,2
DEN,-5.0,54.5,2013,2
SD,7.5,54.5,2013,2
DAL,3.0,46.5,2013,2
TEN,9.5,43.0,2013,2
WAS,7.5,49.5,2013,2
PIT,6.5,40.5,2013,2
KC,3.0,50.0,2013,3
SD,3.0,44.0,2013,3
HOU,-2.0,44.5,2013,3
STL,3.5,46.5,2013,3
ATL,1.0,44.0,2013,3
BUF,3.0,39.0,2013,3
CLE,3.5,41.0,2013,3
DET,0.0,48.5,2013,3
NYG,2.0,46.0,2013,3
TB,7.0,46.0,2013,3
ARI,9.0,48.0,2013,3
IND,10.0,46.0,2013,3
JAC,19.5,40.5,2013,3
GB,-2.0,48.0,2013,3
CHI,-2.5,40.0,2013,3
OAK,14.5,49.0,2013,3
SF,-3.5,43.0,2013,4
CIN,-5.0,41.5,2013,4
IND,-9.5,42.0,2013,4
SEA,-3.0,44.0,2013,4
ARI,2.5,40.5,2013,4
NYG,4.0,44.0,2013,4
BAL,-3.5,43.5,2013,4
DAL,-1.0,45.5,2013,4
NE,-1.0,49.0,2013,4
NYJ,4.5,39.0,2013,4
PIT,-1.0,42.0,2013,4
CHI,3.0,47.5,2013,4
WAS,-3.0,43.5,2013,4
PHI,11.0,57.5,2013,4
MIA,5.5,47.0,2013,4
BUF,3.5,41.0,2013,5
DET,10.0,53.5,2013,5
SD,-4.5,46.0,2013,5
DEN,-7.5,56.5,2013,5
PHI,-1.0,53.0,2013,5
JAC,10.5,41.5,2013,5
SEA,-3.0,43.0,2013,5
CAR,-3.0,42.0,2013,5
HOU,5.5,43.0,2013,5
NO,1.0,51.0,2013,5
BAL,3.0,43.5,2013,5
KC,-2.5,38.0,2013,5
NE,-2.0,45.5,2013,5
NYJ,9.0,43.5,2013,5
NYG,8.5,47.0,2013,6
GB,-3.0,48.5,2013,6
TEN,13.0,40.5,2013,6
CAR,2.0,44.0,2013,6
WAS,5.5,52.0,2013,6
PIT,-1.5,41.0,2013,6
JAC,27.0,53.0,2013,6
DET,-2.5,43.5,2013,6
NO,2.0,50.5,2013,6
ARI,10.0,40.5,2013,6
OAK,7.5,41.0,2013,6
PHI,-2.5,45.5,2013,6
STL,7.5,42.5,2013,6
CIN,-6.0,41.5,2013,6
IND,-1.0,50.0,2013,6
SEA,-5.0,40.5,2013,7
NE,-3.5,43.5,2013,7
HOU,6.0,39.0,2013,7
CIN,2.0,46.5,2013,7
CHI,-1.0,48.5,2013,7
DAL,3.0,55.5,2013,7
STL,7.0,42.5,2013,7
TB,6.5,43.0,2013,7
SF,-3.5,40.5,2013,7
CLE,9.5,45.0,2013,7
BAL,2.5,41.0,2013,7
DEN,-6.0,55.0,2013,7
SD,-7.5,44.5,2013,7
BUF,6.5,44.0,2013,7
MIN,4.5,47.5,2013,7
CAR,-7.0,40.0,2013,8
PIT,-2.0,40.5,2013,8
NYJ,5.0,41.5,2013,8
MIA,6.0,45.0,2013,8
BUF,10.5,48.5,2013,8
CLE,7.0,38.5,2013,8
NYG,5.5,50.0,2013,8
DAL,3.0,51.0,2013,8
SF,-14.5,40.0,2013,8
WAS,11.0,58.0,2013,8
ATL,2.5,45.5,2013,8
GB,-7.5,47.0,2013,8
SEA,-13.0,43.0,2013,8
CIN,-3.0,43.0,2013,9
BAL,-1.5,41.5,2013,9
TB,15.5,41.0,2013,9
PHI,0.0,45.0,2013,9
SD,2.0,49.5,2013,9
KC,-4.5,40.5,2013,9
TEN,-3.5,40.5,2013,9
NO,-6.0,45.5,2013,9
MIN,9.0,50.5,2013,9
ATL,9.0,47.0,2013,9
PIT,5.5,42.5,2013,9
IND,-1.0,43.5,2013,9
CHI,10.5,51.0,2013,9
WAS,-2.5,49.0,2013,10
JAC,13.0,41.5,2013,10
OAK,7.0,41.5,2013,10
SEA,-4.5,45.0,2013,10
CIN,-2.0,44.5,2013,10
CAR,6.0,43.0,2013,10
DEN,-7.0,58.0,2013,10
DAL,6.5,54.0,2013,10
STL,9.5,44.0,2013,10
HOU,3.0,41.5,2013,10
BUF,3.0,44.0,2013,10
PHI,1.0,47.0,2013,10
DET,-1.0,52.0,2013,10
MIA,-2.0,41.0,2013,10
IND,-3.0,42.5,2013,11
ARI,-7.5,41.0,2013,11
SF,3.5,48.0,2013,11
GB,4.0,41.0,2013,11
BAL,3.0,42.5,2013,11
NYJ,1.0,40.5,2013,11
DET,-3.0,45.0,2013,11
WAS,4.5,53.0,2013,11
CLE,5.0,40.5,2013,11
MIN,12.0,45.5,2013,11
ATL,2.5,44.0,2013,11
OAK,10.0,41.0,2013,11
KC,7.5,49.0,2013,11
SD,-1.0,45.5,2013,11
NE,3.0,47.0,2013,11
NO,-8.5,53.0,2013,12
TEN,1.0,41.0,2013,12
NYJ,3.5,39.5,2013,12
CHI,1.0,45.5,2013,12
PIT,1.0,40.5,2013,12
JAC,10.0,43.5,2013,12
TB,9.0,48.5,2013,12
SD,4.5,41.5,2013,12
CAR,-4.0,41.0,2013,12
MIN,4.0,43.5,2013,12
DEN,-2.5,54.0,2013,12
IND,1.0,45.0,2013,12
DAL,3.0,44.0,2013,12
SF,-4.0,47.0,2013,12
OAK,9.5,46.5,2013,13
PIT,3.0,40.5,2013,13
GB,6.0,49.5,2013,13
TEN,4.0,44.5,2013,13
TB,8.0,41.5,2013,13
ARI,3.5,49.0,2013,13
MIA,1.0,38.5,2013,13
ATL,3.5,46.0,2013,13
CIN,0.0,48.0,2013,13
JAC,7.0,40.5,2013,13
DEN,-3.0,49.0,2013,13
CHI,1.0,48.5,2013,13
NE,-7.0,49.5,2013,13
STL,9.5,43.0,2013,13
NYG,-1.5,46.0,2013,13
NO,6.0,46.5,2013,13
HOU,-3.0,43.5,2013,14
NYG,3.0,47.5,2013,14
KC,-3.0,45.0,2013,14
MIN,7.0,43.0,2013,14
OAK,3.0,40.5,2013,14
IND,6.0,44.5,2013,14
DET,2.5,54.0,2013,14
MIA,3.0,41.5,2013,14
BUF,3.0,43.0,2013,14
TEN,12.0,50.0,2013,14
STL,7.0,42.5,2013,14
SEA,2.5,41.0,2013,14
CAR,3.0,45.5,2013,14
CLE,11.0,46.0,2013,14
ATL,3.5,44.5,2013,14
DAL,1.0,49.0,2013,14
SD,10.5,54.0,2013,15
WAS,4.5,51.0,2013,15
SF,-4.5,42.0,2013,15
ARI,-3.0,42.0,2013,15
SEA,-7.0,41.5,2013,15
HOU,6.0,46.0,2013,15
BUF,-2.5,44.0,2013,15
NE,-2.5,46.0,2013,15
PHI,-4.0,52.0,2013,15
KC,-3.5,41.0,2013,15
CIN,-3.0,40.5,2013,15
NO,-5.5,47.0,2013,15
NYJ,11.0,41.0,2013,15
CHI,-2.0,44.5,2013,15
GB,7.0,48.0,2013,15
BAL,6.0,48.0,2013,15
MIA,-2.5,43.0,2013,16
NO,3.0,46.5,2013,16
TB,6.0,42.5,2013,16
CHI,3.0,56.0,2013,16
CLE,1.5,40.5,2013,16
DEN,-10.0,52.0,2013,16
TEN,-5.5,44.0,2013,16
ARI,10.0,43.5,2013,16
OAK,10.0,50.5,2013,16
IND,6.5,44.0,2013,16
DAL,-3.0,53.0,2013,16
MIN,7.5,48.0,2013,16
NYG,9.5,49.0,2013,16
NE,2.5,45.0,2013,16
PIT,3.0,45.0,2013,16
ATL,12.0,45.0,2013,16
HOU,7.0,44.0,2013,17
CLE,7.0,44.0,2013,17
WAS,3.5,46.0,2013,17
BAL,6.0,44.5,2013,17
NYJ,6.5,41.0,2013,17
DET,3.0,52.0,2013,17
BUF,8.5,47.0,2013,17
TB,12.5,47.0,2013,17
DEN,-12.0,53.5,2013,17
STL,10.0,43.0,2013,17
PHI,-2.5,56.0,2013,17
JAC,11.5,45.5,2013,17
KC,9.5,45.0,2013,17
SF,-1.5,43.0,2013,17
CAR,-7.0,45.5,2013,17
GB,-3.0,53.0,2013,17
DEN,-7.0,48.0,2013,1
BUF,7.0,53.0,2013,1
PIT,-6.5,43.5,2013,1
NO,-3.0,54.0,2013,1
NYJ,2.0,41.0,2013,1
JAC,2.5,39.5,2013,1
CHI,-3.5,45.0,2013,1
CLE,0.0,39.5,2013,1
CAR,3.5,45.0,2013,1
DET,-3.0,47.0,2013,1
IND,-7.0,48.5,2013,1
STL,-6.0,40.0,2013,1
SF,-5.5,50.0,2013,1
DAL,-3.0,49.0,2013,1
WAS,-5.0,50.5,2013,1
SD,3.0,46.0,2013,1
NE,-12.0,44.0,2013,2
BAL,-6.5,43.0,2013,2
IND,-3.0,42.5,2013,2
BUF,3.0,44.5,2013,2
ATL,-6.5,47.0,2013,2
CHI,-6.5,41.0,2013,2
TB,3.0,46.5,2013,2
ARI,0.0,47.0,2013,2
OAK,-6.0,39.5,2013,2
SEA,-3.0,45.0,2013,2
NYG,5.0,54.5,2013,2
PHI,-7.5,54.5,2013,2
KC,-3.0,46.5,2013,2
HOU,-9.5,43.0,2013,2
GB,-7.5,49.5,2013,2
CIN,-6.5,40.5,2013,2
PHI,-3.0,50.0,2013,3
TEN,-3.0,44.0,2013,3
BAL,2.0,44.5,2013,3
DAL,-3.5,46.5,2013,3
MIA,-1.0,44.0,2013,3
NYJ,-3.0,39.0,2013,3
MIN,-3.5,41.0,2013,3
WAS,0.0,48.5,2013,3
CAR,-2.0,46.0,2013,3
NE,-7.0,46.0,2013,3
NO,-9.0,48.0,2013,3
SF,-10.0,46.0,2013,3
SEA,-19.5,40.5,2013,3
CIN,2.0,48.0,2013,3
PIT,2.5,40.0,2013,3
DEN,-14.5,49.0,2013,3
STL,3.5,43.0,2013,4
CLE,5.0,41.5,2013,4
JAC,9.5,42.0,2013,4
HOU,3.0,44.0,2013,4
TB,-2.5,40.5,2013,4
KC,-4.0,44.0,2013,4
BUF,3.5,43.5,2013,4
SD,1.0,45.5,2013,4
ATL,1.0,49.0,2013,4
TEN,-4.5,39.0,2013,4
MIN,1.0,42.0,2013,4
DET,-3.0,47.5,2013,4
OAK,3.0,43.5,2013,4
DEN,-11.0,57.5,2013,4
NO,-5.5,47.0,2013,4
CLE,-3.5,41.0,2013,5
GB,-10.0,53.5,2013,5
OAK,4.5,46.0,2013,5
DAL,7.5,56.5,2013,5
NYG,1.0,53.0,2013,5
STL,-10.5,41.5,2013,5
IND,3.0,43.0,2013,5
ARI,3.0,42.0,2013,5
SF,-5.5,43.0,2013,5
CHI,-1.0,51.0,2013,5
MIA,-3.0,43.5,2013,5
TEN,2.5,38.0,2013,5
CIN,2.0,45.5,2013,5
ATL,-9.0,43.5,2013,5
CHI,-8.5,47.0,2013,6
BAL,3.0,48.5,2013,6
SEA,-13.0,40.5,2013,6
MIN,-2.0,44.0,2013,6
DAL,-5.5,52.0,2013,6
NYJ,1.5,41.0,2013,6
DEN,-27.0,53.0,2013,6
CLE,2.5,43.5,2013,6
NE,-2.0,50.5,2013,6
SF,-10.0,40.5,2013,6
KC,-7.5,41.0,2013,6
TB,2.5,45.5,2013,6
HOU,-7.5,42.5,2013,6
BUF,6.0,41.5,2013,6
SD,1.0,50.0,2013,6
ARI,5.0,40.5,2013,7
NYJ,3.5,43.5,2013,7
KC,-6.0,39.0,2013,7
DET,-2.0,46.5,2013,7
WAS,1.0,48.5,2013,7
PHI,-3.0,55.5,2013,7
CAR,-7.0,42.5,2013,7
ATL,-6.5,43.0,2013,7
TEN,3.5,40.5,2013,7
GB,-9.5,45.0,2013,7
PIT,-2.5,41.0,2013,7
IND,6.0,55.0,2013,7
JAC,7.5,44.5,2013,7
MIA,-6.5,44.0,2013,7
NYG,-4.5,47.5,2013,7
TB,7.0,40.0,2013,8
OAK,2.0,40.5,2013,8
CIN,-5.0,41.5,2013,8
NE,-6.0,45.0,2013,8
NO,-10.5,48.5,2013,8
KC,-7.0,38.5,2013,8
PHI,-5.5,50.0,2013,8
DET,-3.0,51.0,2013,8
JAC,14.5,40.0,2013,8
DEN,-11.0,58.0,2013,8
ARI,-2.5,45.5,2013,8
MIN,7.5,47.0,2013,8
STL,13.0,43.0,2013,8
MIA,3.0,43.0,2013,9
CLE,1.5,41.5,2013,9
SEA,-15.5,41.0,2013,9
OAK,0.0,45.0,2013,9
WAS,-2.0,49.5,2013,9
BUF,4.5,40.5,2013,9
STL,3.5,40.5,2013,9
NYJ,6.0,45.5,2013,9
DAL,-9.0,50.5,2013,9
CAR,-9.0,47.0,2013,9
NE,-5.5,42.5,2013,9
HOU,1.0,43.5,2013,9
GB,-10.5,51.0,2013,9
MIN,2.5,49.0,2013,10
TEN,-13.0,41.5,2013,10
NYG,-7.0,41.5,2013,10
ATL,4.5,45.0,2013,10
BAL,2.0,44.5,2013,10
SF,-6.0,43.0,2013,10
SD,7.0,58.0,2013,10
NO,-6.5,54.0,2013,10
IND,-9.5,44.0,2013,10
ARI,-3.0,41.5,2013,10
PIT,-3.0,44.0,2013,10
GB,-1.0,47.0,2013,10
CHI,1.0,52.0,2013,10
TB,2.0,41.0,2013,10
TEN,3.0,42.5,2013,11
JAC,7.5,41.0,2013,11
NO,-3.5,48.0,2013,11
NYG,-4.0,41.0,2013,11
CHI,-3.0,42.5,2013,11
BUF,-1.0,40.5,2013,11
PIT,3.0,45.0,2013,11
PHI,-4.5,53.0,2013,11
CIN,-5.0,40.5,2013,11
SEA,-12.0,45.5,2013,11
TB,-2.5,44.0,2013,11
HOU,-10.0,41.0,2013,11
DEN,-7.5,49.0,2013,11
MIA,1.0,45.5,2013,11
CAR,-3.0,47.0,2013,11
ATL,8.5,53.0,2013,12
OAK,-1.0,41.0,2013,12
BAL,-3.5,39.5,2013,12
STL,-1.0,45.5,2013,12
CLE,-1.0,40.5,2013,12
HOU,-10.0,43.5,2013,12
DET,-9.0,48.5,2013,12
KC,-4.5,41.5,2013,12
MIA,4.0,41.0,2013,12
GB,-4.0,43.5,2013,12
NE,2.5,54.0,2013,12
ARI,-1.0,45.0,2013,12
NYG,-3.0,44.0,2013,12
WAS,4.0,47.0,2013,12
DAL,-9.5,46.5,2013,13
BAL,-3.0,40.5,2013,13
DET,-6.0,49.5,2013,13
IND,-4.0,44.5,2013,13
CAR,-8.0,41.5,2013,13
PHI,-3.5,49.0,2013,13
NYJ,-1.0,38.5,2013,13
BUF,-3.5,46.0,2013,13
SD,0.0,48.0,2013,13
CLE,-7.0,40.5,2013,13
KC,3.0,49.0,2013,13
MIN,-1.0,48.5,2013,13
HOU,7.0,49.5,2013,13
SF,-9.5,43.0,2013,13
WAS,1.5,46.0,2013,13
SEA,-6.0,46.5,2013,13
JAC,3.0,43.5,2013,14
SD,-3.0,47.5,2013,14
WAS,3.0,45.0,2013,14
BAL,-7.0,43.0,2013,14
NYJ,-3.0,40.5,2013,14
CIN,-6.0,44.5,2013,14
PHI,-2.5,54.0,2013,14
PIT,-3.0,41.5,2013,14
TB,-3.0,43.0,2013,14
DEN,-12.0,50.0,2013,14
ARI,-7.0,42.5,2013,14
SF,-2.5,41.0,2013,14
NO,-3.0,45.5,2013,14
NE,-11.0,46.0,2013,14
GB,-3.5,44.5,2013,14
CHI,-1.0,49.0,2013,14
DEN,-10.5,54.0,2013,15
ATL,-4.5,51.0,2013,15
TB,4.5,42.0,2013,15
TEN,3.0,42.0,2013,15
NYG,7.0,41.5,2013,15
IND,-6.0,46.0,2013,15
JAC,2.5,44.0,2013,15
MIA,2.5,46.0,2013,15
MIN,4.0,52.0,2013,15
OAK,3.5,41.0,2013,15
PIT,3.0,40.5,2013,15
STL,5.5,47.0,2013,15
CAR,-11.0,41.0,2013,15
CLE,2.0,44.5,2013,15
DAL,-7.0,48.0,2013,15
DET,-6.0,48.0,2013,15
BUF,2.5,43.0,2013,16
CAR,-3.0,46.5,2013,16
STL,-6.0,42.5,2013,16
PHI,-3.0,56.0,2013,16
NYJ,-1.5,40.5,2013,16
HOU,10.0,52.0,2013,16
JAC,5.5,44.0,2013,16
SEA,-10.0,43.5,2013,16
SD,-10.0,50.5,2013,16
KC,-6.5,44.0,2013,16
WAS,3.0,53.0,2013,16
CIN,-7.5,48.0,2013,16
DET,-9.5,49.0,2013,16
BAL,-2.5,45.0,2013,16
GB,-3.0,45.0,2013,16
SF,-12.0,45.0,2013,16
TEN,-7.0,44.0,2013,17
PIT,-7.0,44.0,2013,17
NYG,-3.5,46.0,2013,17
CIN,-6.0,44.5,2013,17
MIA,-6.5,41.0,2013,17
MIN,-3.0,52.0,2013,17
NE,-8.5,47.0,2013,17
NO,-12.5,47.0,2013,17
OAK,12.0,53.5,2013,17
SEA,-10.0,43.0,2013,17
DAL,2.5,56.0,2013,17
IND,-11.5,45.5,2013,17
SD,-9.5,45.0,2013,17
ARI,1.5,43.0,2013,17
ATL,7.0,45.5,2013,17
CHI,3.0,53.0,2013,17
GB,5.0,47.0,2014,1
NO,-3.0,50.5,2014,1
MIN,3.0,43.5,2014,1
CLE,6.0,41.5,2014,1
JAC,10.0,48.5,2014,1
OAK,6.5,41.0,2014,1
CIN,1.0,43.5,2014,1
BUF,6.5,47.5,2014,1
WAS,3.0,43.5,2014,1
TEN,3.0,45.0,2014,1
NE,-3.5,47.5,2014,1
CAR,4.5,38.5,2014,1
SF,-3.5,49.0,2014,1
IND,8.0,53.5,2014,1
NYG,6.0,46.0,2014,1
SD,3.0,45.0,2014,1
PIT,3.0,44.0,2014,2
MIA,1.5,43.0,2014,2
JAC,4.5,43.0,2014,2
DAL,3.5,49.5,2014,2
ARI,2.5,42.0,2014,2
NE,-3.0,49.5,2014,2
NO,-5.0,49.5,2014,2
ATL,5.5,48.5,2014,2
STL,4.0,37.5,2014,2
SEA,-4.5,45.0,2014,2
HOU,-3.0,41.0,2014,2
NYJ,7.0,46.5,2014,2
CHI,7.0,47.0,2014,2
KC,13.0,48.5,2014,2
DET,1.5,43.5,2014,2
PHI,3.0,53.0,2014,2
TB,6.5,46.5,2014,3
SD,2.5,45.5,2014,3
HOU,1.0,41.5,2014,3
TEN,6.5,44.5,2014,3
BAL,-2.0,43.0,2014,3
GB,1.0,51.0,2014,3
IND,-6.5,45.5,2014,3
OAK,14.0,47.5,2014,3
DEN,4.0,48.0,2014,3
PIT,3.5,42.0,2014,3
KC,4.5,42.5,2014,3
DAL,-2.0,45.0,2014,3
MIN,9.5,50.0,2014,3
WAS,4.5,49.5,2014,3
SF,-3.0,41.5,2014,3
CHI,2.0,45.0,2014,3
NYG,3.0,44.5,2014,4
MIA,-3.5,41.5,2014,4
GB,-1.5,50.5,2014,4
TEN,7.0,45.5,2014,4
DET,1.5,43.5,2014,4
JAC,12.5,45.0,2014,4
PHI,4.0,48.5,2014,4
ATL,-5.0,48.0,2014,4
NO,-3.0,53.5,2014,4
CAR,3.5,42.5,2014,4
TB,7.0,44.0,2014,4
BUF,3.0,44.0,2014,4
NE,-3.0,45.5,2014,4
MIN,9.5,46.5,2014,5
STL,4.0,48.0,2014,5
ATL,4.5,50.5,2014,5
BUF,5.0,43.0,2014,5
BAL,3.0,49.5,2014,5
PIT,-6.0,47.5,2014,5
ARI,8.0,47.0,2014,5
KC,4.5,43.0,2014,5
NYJ,6.5,45.0,2014,5
CIN,-3.0,46.0,2014,5
TB,10.5,47.5,2014,5
HOU,5.0,47.0,2014,5
CHI,1.5,46.5,2014,5
CLE,-1.0,44.0,2014,5
SEA,-7.0,45.5,2014,5
IND,-3.0,46.0,2014,6
DEN,-9.5,47.0,2014,6
PIT,1.5,46.5,2014,6
CHI,3.5,55.5,2014,6
GB,-2.0,46.5,2014,6
BAL,-3.5,43.5,2014,6
SD,-7.0,44.0,2014,6
NYG,1.5,51.0,2014,6
CAR,7.0,44.0,2014,6
NE,-1.0,44.5,2014,6
DAL,9.5,47.0,2014,6
DET,1.0,43.5,2014,6
JAC,4.0,42.0,2014,6
WAS,6.0,46.5,2014,6
SF,-3.5,44.0,2014,6
NYJ,9.5,44.5,2014,7
CIN,3.0,50.5,2014,7
TEN,5.5,46.0,2014,7
MIA,3.0,47.5,2014,7
CLE,-4.0,44.5,2014,7
CAR,6.5,49.0,2014,7
ATL,6.5,49.0,2014,7
MIN,6.5,43.5,2014,7
KC,3.0,45.5,2014,7
ARI,-3.5,46.5,2014,7
NO,1.5,46.5,2014,7
NYG,5.0,47.0,2014,7
SEA,-6.5,43.5,2014,7
SF,6.5,47.5,2014,7
HOU,3.0,44.0,2014,7
SD,9.0,50.5,2014,8
DET,-3.5,45.0,2014,8
MIN,2.5,43.0,2014,8
CHI,6.0,51.5,2014,8
STL,7.0,44.0,2014,8
SEA,-5.5,44.5,2014,8
BUF,3.0,40.0,2014,8
MIA,-6.5,42.0,2014,8
BAL,-3.0,44.5,2014,8
PHI,1.0,49.0,2014,8
OAK,6.0,44.0,2014,8
GB,2.0,55.0,2014,8
IND,-4.0,48.0,2014,8
HOU,-3.5,42.5,2014,8
WAS,9.5,49.0,2014,8
NO,-3.0,49.0,2014,9
SD,2.5,45.0,2014,9
JAC,10.0,43.5,2014,9
TB,6.5,43.5,2014,9
PHI,-1.5,48.0,2014,9
NYJ,9.0,41.5,2014,9
STL,10.0,44.5,2014,9
DEN,-3.0,52.5,2014,9
OAK,13.5,43.5,2014,9
BAL,2.0,47.5,2014,9
WAS,1.0,44.0,2014,9
ARI,1.0,44.5,2014,9
IND,-3.0,50.5,2014,9
CLE,6.5,45.0,2014,10
KC,1.0,41.5,2014,10
SF,6.0,49.0,2014,10
ATL,-3.0,47.5,2014,10
DEN,-11.5,51.0,2014,10
STL,7.0,43.5,2014,10
CHI,8.5,53.0,2014,10
MIA,3.0,42.5,2014,10
TEN,10.0,45.0,2014,10
PIT,-3.5,46.5,2014,10
NYG,9.5,45.0,2014,10
DAL,-7.0,45.5,2014,10
CAR,7.0,48.5,2014,10
BUF,4.0,41.0,2014,11
HOU,4.0,42.0,2014,11
SEA,1.0,43.5,2014,11
CIN,8.0,51.0,2014,11
TB,6.5,46.0,2014,11
DEN,-8.0,50.0,2014,11
SF,-3.5,44.5,2014,11
OAK,10.5,46.0,2014,11
NE,3.0,58.0,2014,11
MIN,2.0,46.5,2014,11
DET,1.0,41.5,2014,11
PHI,5.0,55.5,2014,11
ATL,-2.5,47.0,2014,11
PIT,-7.0,46.5,2014,11
KC,-7.0,43.0,2014,12
CLE,2.5,48.5,2014,12
GB,-7.5,50.0,2014,12
CIN,3.0,44.5,2014,12
NYJ,4.0,39.0,2014,12
TB,4.0,47.0,2014,12
ARI,7.0,42.0,2014,12
STL,5.0,43.5,2014,12
MIA,6.5,47.0,2014,12
WAS,9.5,44.0,2014,12
DAL,-5.0,49.0,2014,12
DET,7.0,47.5,2014,12
JAC,13.0,49.0,2014,12
TEN,11.0,49.5,2014,12
BAL,2.5,50.5,2014,12
NYJ,3.0,42.5,2014,12
CHI,7.0,45.5,2014,13
SEA,1.0,40.0,2014,13
PHI,3.0,56.0,2014,13
WAS,7.5,49.5,2014,13
TEN,7.0,42.5,2014,13
CIN,-6.0,44.0,2014,13
OAK,6.0,43.0,2014,13
CAR,2.5,42.0,2014,13
ARI,-1.5,45.0,2014,13
NE,3.0,58.0,2014,13
DEN,1.0,49.0,2014,13
NYG,-3.0,44.0,2014,13
CLE,3.0,41.5,2014,13
SD,6.5,45.5,2014,13
NO,3.5,54.0,2014,13
MIA,-6.5,41.5,2014,13
DAL,-4.0,51.0,2014,14
PIT,3.0,47.5,2014,14
IND,-3.0,49.5,2014,14
HOU,-7.0,42.5,2014,14
NYG,-3.0,47.0,2014,14
CAR,8.5,50.0,2014,14
TB,10.0,41.5,2014,14
STL,-3.0,44.5,2014,14
SF,-8.0,41.0,2014,14
SEA,-1.0,48.0,2014,14
NE,-3.5,52.5,2014,14
BUF,9.0,47.5,2014,14
KC,-2.5,41.0,2014,14
BAL,3.0,45.0,2014,14
NYJ,4.0,40.5,2014,14
ATL,13.5,54.5,2014,14
ARI,6.0,40.0,2014,15
OAK,11.0,42.0,2014,15
JAC,14.0,44.5,2014,15
HOU,7.0,49.0,2014,15
CIN,1.5,43.5,2014,15
TB,3.5,41.0,2014,15
WAS,6.5,46.5,2014,15
MIN,9.5,42.5,2014,15
NYJ,-3.5,42.0,2014,15
SF,9.5,38.5,2014,15
DAL,3.5,54.5,2014,15
MIA,9.5,49.0,2014,15
DEN,-4.0,49.5,2014,15
GB,-3.5,49.5,2014,15
PIT,-3.0,54.5,2014,15
NO,-3.0,53.5,2014,15
TEN,4.5,39.0,2014,16
SD,1.0,40.0,2014,16
PHI,-7.0,50.5,2014,16
MIN,5.5,42.0,2014,16
GB,-11.0,49.0,2014,16
NE,-9.5,47.0,2014,16
KC,2.5,49.0,2014,16
BAL,-6.5,42.0,2014,16
NYG,6.5,43.5,2014,16
BUF,-7.0,42.5,2014,16
SEA,-9.0,37.0,2014,16
IND,3.0,53.0,2014,16
DET,-10.0,44.5,2014,16
ATL,6.0,55.5,2014,16
CLE,6.0,40.5,2014,16
DEN,-3.5,47.5,2014,16
DET,9.0,46.5,2014,17
JAC,7.5,38.0,2014,17
IND,-7.5,46.0,2014,17
CLE,14.0,39.5,2014,17
NYJ,7.0,41.0,2014,17
CAR,2.5,48.0,2014,17
CHI,7.0,47.0,2014,17
SD,3.0,42.0,2014,17
PHI,1.0,51.5,2014,17
NO,-6.0,46.0,2014,17
DAL,-6.0,48.0,2014,17
STL,11.0,41.5,2014,17
ARI,6.0,37.5,2014,17
CIN,3.0,48.0,2014,17
OAK,16.0,48.5,2014,17
BUF,4.5,44.0,2014,17
SEA,-5.0,47.0,2014,1
ATL,3.0,50.5,2014,1
STL,-3.0,43.5,2014,1
PIT,-6.0,41.5,2014,1
PHI,-10.0,48.5,2014,1
NYJ,-6.5,41.0,2014,1
BAL,-1.0,43.5,2014,1
CHI,-6.5,47.5,2014,1
HOU,-3.0,43.5,2014,1
KC,-3.0,45.0,2014,1
MIA,3.5,47.5,2014,1
TB,-4.5,38.5,2014,1
DAL,3.5,49.0,2014,1
DEN,-8.0,53.5,2014,1
DET,-6.0,46.0,2014,1
ARI,-3.0,45.0,2014,1
BAL,-3.0,44.0,2014,2
BUF,-1.5,43.0,2014,2
WAS,-4.5,43.0,2014,2
TEN,-3.5,49.5,2014,2
NYG,-2.5,42.0,2014,2
MIN,3.0,49.5,2014,2
CLE,5.0,49.5,2014,2
CIN,-5.5,48.5,2014,2
TB,-4.0,37.5,2014,2
SD,4.5,45.0,2014,2
OAK,3.0,41.0,2014,2
GB,-7.0,46.5,2014,2
SF,-7.0,47.0,2014,2
DEN,-13.0,48.5,2014,2
CAR,-1.5,43.5,2014,2
IND,-3.0,53.0,2014,2
ATL,-6.5,46.5,2014,3
BUF,-2.5,45.5,2014,3
NYG,-1.0,41.5,2014,3
CIN,-6.5,44.5,2014,3
CLE,2.0,43.0,2014,3
DET,-1.0,51.0,2014,3
JAC,6.5,45.5,2014,3
NE,-14.0,47.5,2014,3
SEA,-4.0,48.0,2014,3
CAR,-3.5,42.0,2014,3
MIA,-4.5,42.5,2014,3
STL,2.0,45.0,2014,3
NO,-9.5,50.0,2014,3
PHI,-4.5,49.5,2014,3
ARI,3.0,41.5,2014,3
NYJ,-2.0,45.0,2014,3
WAS,-3.0,44.5,2014,4
OAK,3.5,41.5,2014,4
CHI,1.5,50.5,2014,4
IND,-7.0,45.5,2014,4
NYJ,-1.5,43.5,2014,4
SD,-12.5,45.0,2014,4
SF,-4.0,48.5,2014,4
MIN,5.0,48.0,2014,4
DAL,3.0,53.5,2014,4
BAL,-3.5,42.5,2014,4
PIT,-7.0,44.0,2014,4
HOU,-3.0,44.0,2014,4
KC,3.0,45.5,2014,4
GB,-9.5,46.5,2014,5
PHI,-4.0,48.0,2014,5
NYG,-4.5,50.5,2014,5
DET,-5.0,43.0,2014,5
IND,-3.0,49.5,2014,5
JAC,6.0,47.5,2014,5
DEN,-8.0,47.0,2014,5
SF,-4.5,43.0,2014,5
SD,-6.5,45.0,2014,5
NE,3.0,46.0,2014,5
NO,-10.5,47.5,2014,5
DAL,-5.0,47.0,2014,5
CAR,-1.5,46.5,2014,5
TEN,1.0,44.0,2014,5
WAS,7.0,45.5,2014,5
HOU,3.0,46.0,2014,6
NYJ,9.5,47.0,2014,6
CLE,-1.5,46.5,2014,6
ATL,-3.5,55.5,2014,6
MIA,2.0,46.5,2014,6
TB,3.5,43.5,2014,6
OAK,7.0,44.0,2014,6
PHI,-1.5,51.0,2014,6
CIN,-7.0,44.0,2014,6
BUF,1.0,44.5,2014,6
SEA,-9.5,47.0,2014,6
MIN,-1.0,43.5,2014,6
TEN,-4.0,42.0,2014,6
ARI,-6.0,46.5,2014,6
STL,3.5,44.0,2014,6
NE,-9.5,44.5,2014,7
IND,-3.0,50.5,2014,7
WAS,-5.5,46.0,2014,7
CHI,-3.0,47.5,2014,7
JAC,4.0,44.5,2014,7
GB,-6.5,49.0,2014,7
BAL,-6.5,49.0,2014,7
BUF,-6.5,43.5,2014,7
SD,-3.0,45.5,2014,7
OAK,3.5,46.5,2014,7
DET,-1.5,46.5,2014,7
DAL,-5.0,47.0,2014,7
STL,6.5,43.5,2014,7
DEN,-6.5,47.5,2014,7
PIT,-3.0,44.0,2014,7
DEN,-9.0,50.5,2014,8
ATL,3.5,45.0,2014,8
TB,-2.5,43.0,2014,8
NE,-6.0,51.5,2014,8
KC,-7.0,44.0,2014,8
CAR,5.5,44.5,2014,8
NYJ,-3.0,40.0,2014,8
JAC,6.5,42.0,2014,8
CIN,3.0,44.5,2014,8
ARI,-1.0,49.0,2014,8
CLE,-6.0,44.0,2014,8
NO,-2.0,55.0,2014,8
PIT,4.0,48.0,2014,8
TEN,3.5,42.5,2014,8
DAL,-9.5,49.0,2014,8
CAR,3.0,49.0,2014,9
MIA,-2.5,45.0,2014,9
CIN,-10.0,43.5,2014,9
CLE,-6.5,43.5,2014,9
HOU,1.5,48.0,2014,9
KC,-9.0,41.5,2014,9
SF,-10.0,44.5,2014,9
NE,3.0,52.5,2014,9
SEA,-13.5,43.5,2014,9
PIT,-2.0,47.5,2014,9
MIN,-1.0,44.0,2014,9
DAL,-1.0,44.5,2014,9
NYG,3.0,50.5,2014,9
CIN,-6.5,45.0,2014,10
BUF,-1.0,41.5,2014,10
NO,-6.0,49.0,2014,10
TB,3.0,47.5,2014,10
OAK,11.5,51.0,2014,10
ARI,-7.0,43.5,2014,10
GB,-8.5,53.0,2014,10
DET,-3.0,42.5,2014,10
BAL,-10.0,45.0,2014,10
NYJ,3.5,46.5,2014,10
SEA,-9.5,45.0,2014,10
JAC,7.0,45.5,2014,10
PHI,-7.0,48.5,2014,10
MIA,-4.0,41.0,2014,11
CLE,-4.0,42.0,2014,11
KC,-1.0,43.5,2014,11
NO,-8.0,51.0,2014,11
WAS,-6.5,46.0,2014,11
STL,8.0,50.0,2014,11
NYG,3.5,44.5,2014,11
SD,-10.5,46.0,2014,11
IND,-3.0,58.0,2014,11
CHI,-2.0,46.5,2014,11
ARI,-1.0,41.5,2014,11
GB,-5.0,55.5,2014,11
CAR,2.5,47.0,2014,11
TEN,7.0,46.5,2014,11
OAK,7.0,43.0,2014,12
ATL,-2.5,48.5,2014,12
MIN,7.5,50.0,2014,12
HOU,-3.0,44.5,2014,12
BUF,-4.0,39.0,2014,12
CHI,-4.0,47.0,2014,12
SEA,-7.0,42.0,2014,12
SD,-5.0,43.5,2014,12
DEN,-6.5,47.0,2014,12
SF,-9.5,44.0,2014,12
NYG,5.0,49.0,2014,12
NE,-7.0,47.5,2014,12
IND,-13.0,49.0,2014,12
PHI,-11.0,49.5,2014,12
NO,-2.5,50.5,2014,12
BUF,-3.0,42.5,2014,12
DET,-7.0,45.5,2014,13
SF,-1.0,40.0,2014,13
DAL,-3.0,56.0,2014,13
IND,-7.5,49.5,2014,13
HOU,-7.0,42.5,2014,13
TB,6.0,44.0,2014,13
STL,-6.0,43.0,2014,13
MIN,-2.5,42.0,2014,13
ATL,1.5,45.0,2014,13
GB,-3.0,58.0,2014,13
KC,-1.0,49.0,2014,13
JAC,3.0,44.0,2014,13
BUF,-3.0,41.5,2014,13
BAL,-6.5,45.5,2014,13
PIT,-3.5,54.0,2014,13
NYJ,6.5,41.5,2014,13
CHI,4.0,51.0,2014,14
CIN,-3.0,47.5,2014,14
CLE,3.0,49.5,2014,14
JAC,7.0,42.5,2014,14
TEN,3.0,47.0,2014,14
NO,-8.5,50.0,2014,14
DET,-10.0,41.5,2014,14
WAS,3.0,44.5,2014,14
OAK,8.0,41.0,2014,14
PHI,1.0,48.0,2014,14
SD,3.5,52.5,2014,14
DEN,-9.0,47.5,2014,14
ARI,2.5,41.0,2014,14
MIA,-3.0,45.0,2014,14
MIN,-4.0,40.5,2014,14
GB,-13.5,54.5,2014,14
STL,-6.0,40.0,2014,15
KC,-11.0,42.0,2014,15
BAL,-14.0,44.5,2014,15
IND,-7.0,49.0,2014,15
CLE,-1.5,43.5,2014,15
CAR,-3.5,41.0,2014,15
NYG,-6.5,46.5,2014,15
DET,-9.5,42.5,2014,15
TEN,3.5,42.0,2014,15
SEA,-9.5,38.5,2014,15
PHI,-3.5,54.5,2014,15
NE,-9.5,49.0,2014,15
SD,4.0,49.5,2014,15
BUF,3.5,49.5,2014,15
ATL,3.0,54.5,2014,15
CHI,3.0,53.5,2014,15
JAC,-4.5,39.0,2014,16
SF,-1.0,40.0,2014,16
WAS,7.0,50.5,2014,16
MIA,-5.5,42.0,2014,16
TB,11.0,49.0,2014,16
NYJ,9.5,47.0,2014,16
PIT,-2.5,49.0,2014,16
HOU,6.5,42.0,2014,16
STL,-6.5,43.5,2014,16
OAK,7.0,42.5,2014,16
ARI,9.0,37.0,2014,16
DAL,-3.0,53.0,2014,16
CHI,10.0,44.5,2014,16
NO,-6.0,55.5,2014,16
CAR,-6.0,40.5,2014,16
CIN,3.5,47.5,2014,16
GB,-9.0,46.5,2014,17
HOU,-7.5,38.0,2014,17
TEN,7.5,46.0,2014,17
BAL,-14.0,39.5,2014,17
MIA,-7.0,41.0,2014,17
ATL,-2.5,48.0,2014,17
MIN,-7.0,47.0,2014,17
KC,-3.0,42.0,2014,17
NYG,-1.0,51.5,2014,17
TB,6.0,46.0,2014,17
WAS,6.0,48.0,2014,17
SEA,-11.0,41.5,2014,17
SF,-6.0,37.5,2014,17
PIT,-3.0,48.0,2014,17
DEN,-16.0,48.5,2014,17
NE,-4.5,44.0,2014,17
CIN,-2.5,39.0,2015,1
PHI,-5.5,44.0,2015,1
TB,3.5,37.5,2015,1
NO,-1.5,39.5,2015,1
BUF,1.0,38.0,2015,1
CAR,1.0,40.0,2015,1
JAC,4.5,40.0,2015,1
MIN,2.0,38.5,2015,1
KC,2.5,39.0,2015,1
HOU,-4.0,39.0,2015,1
CLE,1.0,38.0,2015,1
ARI,6.0,38.0,2015,1
SD,3.0,37.0,2015,1
OAK,3.5,38.0,2015,1
BAL,1.0,39.5,2015,1
NYG,3.0,40.0,2015,1
PIT,7.0,50.5,2015,2
GB,-6.0,48.5,2015,2
KC,-1.5,41.0,2015,2
CLE,3.5,39.0,2015,2
IND,1.0,44.5,2015,2
MIA,-3.5,45.5,2015,2
CAR,-3.0,41.0,2015,2
SEA,-3.5,42.0,2015,2
NO,2.5,48.5,2015,2
DET,3.5,45.0,2015,2
TEN,3.0,40.5,2015,2
CIN,-3.0,43.0,2015,2
BAL,4.5,46.5,2015,2
NYG,6.5,52.0,2015,2
PHI,-3.0,55.0,2015,2
MIN,-2.5,41.5,2015,2
DEN,3.0,42.0,2015,3
HOU,3.0,41.5,2015,3
TB,8.5,47.0,2015,3
NE,1.5,45.0,2015,3
ARI,-2.0,45.5,2015,3
TEN,1.0,41.0,2015,3
SD,3.5,47.5,2015,3
STL,-3.5,41.5,2015,3
MIA,-6.0,42.5,2015,3
SEA,3.0,49.0,2015,3
SF,5.5,46.0,2015,3
DET,2.5,44.0,2015,3
ATL,1.5,49.0,2015,3
DAL,7.0,54.0,2015,3
BAL,-5.0,42.5,2015,3
NYJ,6.0,45.0,2015,3
SD,2.0,45.0,2015,4
TB,6.5,40.5,2015,4
NO,3.5,45.0,2015,4
JAC,13.5,47.0,2015,4
CIN,3.0,44.5,2015,4
OAK,4.5,41.5,2015,4
SF,6.5,43.5,2015,4
BUF,3.0,43.5,2015,4
WAS,3.5,44.0,2015,4
PIT,1.0,48.5,2015,4
SD,2.5,45.5,2015,4
TB,5.5,41.0,2015,4
NO,10.0,43.0,2015,4
JAC,13.5,49.0,2015,4
CIN,1.5,45.5,2015,4
OAK,3.5,43.0,2015,4
SF,6.5,44.5,2015,4
BUF,1.5,43.5,2015,4
ATL,-1.0,43.0,2015,4
PHI,3.0,47.0,2015,4
IND,-3.5,46.5,2015,4
CHI,15.5,43.5,2015,4
DEN,-3.0,44.5,2015,4
KC,4.5,47.0,2015,4
BAL,-3.0,44.0,2015,5
NYJ,-2.5,42.5,2015,5
JAC,4.5,43.5,2015,5
CAR,-3.0,40.5,2015,5
NYG,6.0,46.5,2015,5
PHI,-3.0,46.5,2015,5
CLE,5.0,44.5,2015,5
STL,7.0,43.5,2015,5
HOU,4.0,47.0,2015,5
OAK,-3.0,44.5,2015,5
MIN,6.5,43.0,2015,5
KC,3.0,44.5,2015,5
GB,-7.0,48.0,2015,5
DAL,3.0,49.5,2015,5
DET,10.0,43.0,2015,5
IND,5.0,40.5,2015,6
JAC,2.0,41.5,2015,6
BUF,1.0,43.0,2015,6
CLE,6.5,43.0,2015,6
WAS,7.0,48.0,2015,6
CHI,10.0,44.5,2015,6
STL,9.5,45.0,2015,6
DEN,-4.5,45.0,2015,6
SF,7.0,43.5,2015,6
NO,6.5,49.0,2015,6
NE,-8.0,50.5,2015,6
SEA,3.0,44.0,2015,6
ARI,-4.0,46.0,2015,6
PIT,4.0,45.5,2015,6
ATL,-3.5,51.5,2015,7
DEN,-3.5,42.0,2015,7
KC,3.5,43.0,2015,7
HOU,1.0,43.0,2015,7
CHI,3.5,44.0,2015,7
WAS,6.5,40.5,2015,7
MIA,1.0,43.5,2015,7
CAR,6.5,41.0,2015,7
CIN,-3.0,43.0,2015,7
BAL,-2.0,43.0,2015,7
ARI,-3.5,45.0,2015,7
SD,10.0,50.5,2015,7
NE,-9.5,54.0,2015,7
NYG,3.5,51.0,2015,7
SEA,-6.5,42.0,2015,8
BUF,-4.0,41.0,2015,8
CLE,6.5,42.0,2015,8
HOU,4.5,44.5,2015,8
MIN,-2.0,44.5,2015,8
ATL,-6.0,46.5,2015,8
TB,3.0,43.0,2015,8
OAK,3.5,48.0,2015,8
NYJ,8.5,48.0,2015,8
NO,4.0,52.0,2015,8
DAL,3.0,44.5,2015,8
PHI,3.0,45.5,2015,8
PIT,3.0,43.0,2015,8
BAL,9.5,49.0,2015,8
MIA,9.0,51.5,2015,9
DET,3.5,45.0,2015,9
MIN,-1.0,42.5,2015,9
TB,7.0,48.5,2015,9
NYG,3.5,49.5,2015,9
SF,9.0,39.5,2015,9
NYJ,-3.0,44.0,2015,9
SEA,-5.5,42.0,2015,9
GB,-2.5,46.5,2015,9
ARI,-6.0,46.0,2015,9
SD,3.5,50.0,2015,9
CIN,1.0,48.5,2015,9
TEN,4.0,43.0,2015,9
IND,5.5,46.0,2015,9
CLE,11.5,44.5,2015,10
OAK,4.5,48.0,2015,10
STL,1.0,40.5,2015,10
WAS,14.0,52.0,2015,10
ATL,-7.0,43.0,2015,10
NYG,-2.0,49.0,2015,10
PHI,-3.0,44.0,2015,10
MIA,3.0,44.0,2015,10
GB,-2.5,46.5,2015,10
DEN,-4.0,46.0,2015,10
JAC,9.0,42.5,2015,10
TEN,7.5,48.0,2015,10
CHI,4.0,49.5,2015,10
BUF,2.0,41.5,2015,11
DET,10.5,48.5,2015,11
CAR,-4.0,44.0,2015,11
NO,-1.0,50.0,2015,11
JAC,4.5,47.5,2015,11
KC,3.5,42.0,2015,11
NE,-7.0,53.5,2015,11
ARI,3.0,43.5,2015,11
DAL,-1.5,43.5,2015,11
MIA,6.5,49.5,2015,11
CLE,6.0,41.5,2015,11
CHI,6.5,42.5,2015,11
MIN,2.5,43.5,2015,11
HOU,10.5,46.0,2015,11
TEN,3.0,41.5,2015,12
WAS,7.0,44.5,2015,12
OAK,1.0,48.5,2015,12
IND,3.5,47.5,2015,12
STL,3.0,41.5,2015,12
GB,1.0,45.0,2015,12
DEN,-2.5,42.0,2015,12
KC,-3.0,45.0,2015,12
SF,14.0,39.5,2015,12
DAL,-2.0,46.0,2015,12
TB,6.5,45.5,2015,12
CIN,4.0,47.5,2015,12
NYJ,-3.5,40.0,2015,12
BUF,7.0,48.0,2015,12
PHI,3.0,46.5,2015,13
CAR,-1.0,44.5,2015,13
CHI,7.5,45.0,2015,13
NO,3.5,51.0,2015,13
MIN,1.5,44.5,2015,13
TB,3.0,46.0,2015,13
NYG,-1.0,48.0,2015,13
OAK,-1.0,45.0,2015,13
MIA,4.5,44.0,2015,13
SD,5.5,47.0,2015,13
PIT,3.0,47.0,2015,13
STL,10.0,41.5,2015,13
ARI,-7.5,45.5,2015,13
NE,-2.5,43.5,2015,13
BUF,4.5,41.0,2015,13
BAL,5.5,41.0,2015,13
GB,-3.0,47.5,2015,14
SF,7.0,42.0,2015,14
JAC,2.0,43.5,2015,14
HOU,3.5,41.5,2015,14
CAR,-6.5,50.0,2015,14
SEA,-1.0,40.5,2015,14
ATL,1.5,45.0,2015,14
NYJ,0.0,45.5,2015,14
KC,-3.0,45.0,2015,14
ARI,-5.5,43.0,2015,14
DEN,-4.5,43.5,2015,14
BAL,4.5,43.5,2015,14
PHI,10.0,48.5,2015,14
CIN,-10.0,44.0,2015,14
IND,7.0,48.5,2015,14
DAL,4.5,43.0,2015,14
MIN,10.0,46.5,2015,15
BUF,2.5,47.5,2015,15
ATL,7.5,47.0,2015,15
DET,0.0,41.0,2015,15
SD,10.0,45.5,2015,15
NO,4.0,0.0,2015,15
TEN,7.0,43.0,2015,15
NE,-3.5,44.5,2015,15
OAK,7.5,43.5,2015,15
SF,1.0,41.0,2015,15
PIT,3.0,48.0,2015,15
WAS,3.0,44.0,2015,15
DAL,7.0,43.5,2015,15
SEA,-10.0,42.5,2015,15
IND,1.0,46.0,2015,15
NYG,1.0,47.0,2015,15
TB,0.0,41.5,2015,16
NYJ,-2.5,42.0,2015,16
CHI,5.0,43.0,2015,16
ATL,3.5,48.0,2015,16
BUF,0.0,44.0,2015,16
ARI,-3.5,50.0,2015,16
CLE,14.5,43.0,2015,16
GB,-3.0,46.5,2015,16
DEN,6.0,45.5,2015,16
CIN,-4.0,42.0,2015,16
KC,-7.5,42.5,2015,16
TEN,14.0,47.0,2015,16
CAR,-5.0,48.0,2015,16
MIA,1.0,45.0,2015,16
HOU,0.0,41.0,2015,16
DET,3.0,50.0,2015,16
SD,4.5,45.0,2015,17
WAS,3.5,0.0,2015,17
CHI,3.0,47.0,2015,17
CAR,-7.0,47.5,2015,17
DAL,6.5,44.0,2015,17
CLE,12.5,44.0,2015,17
NE,-3.0,46.0,2015,17
STL,13.5,41.5,2015,17
PIT,-10.0,47.0,2015,17
GB,4.5,49.5,2015,17
NYG,6.5,46.0,2015,17
SF,8.0,43.0,2015,17
IND,1.5,44.0,2015,17
JAC,3.0,51.5,2015,17
HOU,-4.0,42.0,2015,17
CIN,3.5,42.0,2015,17
IND,2.5,39.0,2015,1
NYJ,5.5,44.0,2015,1
MIA,-3.5,37.5,2015,1
GB,1.5,39.5,2015,1
DET,-1.0,38.0,2015,1
PIT,-1.0,40.0,2015,1
WAS,-4.5,40.0,2015,1
TEN,-2.0,38.5,2015,1
STL,-2.5,39.0,2015,1
DAL,4.0,39.0,2015,1
CHI,-1.0,38.0,2015,1
DEN,-6.0,38.0,2015,1
SF,-3.0,37.0,2015,1
SEA,-3.5,38.0,2015,1
ATL,-1.0,39.5,2015,1
NE,-3.0,40.0,2015,1
NE,-7.0,50.5,2015,2
CHI,6.0,48.5,2015,2
HOU,1.5,41.0,2015,2
NYJ,-3.5,39.0,2015,2
BUF,-1.0,44.5,2015,2
WAS,3.5,45.5,2015,2
JAC,3.0,41.0,2015,2
STL,3.5,42.0,2015,2
ARI,-2.5,48.5,2015,2
SD,-3.5,45.0,2015,2
TB,-3.0,40.5,2015,2
OAK,3.0,43.0,2015,2
DEN,-4.5,46.5,2015,2
DAL,-6.5,52.0,2015,2
ATL,3.0,55.0,2015,2
SF,2.5,41.5,2015,2
KC,-3.0,42.0,2015,3
CAR,-3.0,41.5,2015,3
NO,-8.5,47.0,2015,3
BUF,-1.5,45.0,2015,3
CHI,2.0,45.5,2015,3
CLE,-1.0,41.0,2015,3
CIN,-3.5,47.5,2015,3
WAS,3.5,41.5,2015,3
JAC,6.0,42.5,2015,3
GB,-3.0,49.0,2015,3
PIT,-5.5,46.0,2015,3
MIN,-2.5,44.0,2015,3
NYG,-1.5,49.0,2015,3
PHI,-7.0,54.0,2015,3
OAK,5.0,42.5,2015,3
IND,-6.0,45.0,2015,3
MIN,-2.0,45.0,2015,4
HOU,-6.5,40.5,2015,4
CAR,-3.5,45.0,2015,4
NE,-13.5,47.0,2015,4
BAL,-3.0,44.5,2015,4
CLE,-4.5,41.5,2015,4
ARI,-6.5,43.5,2015,4
MIA,-3.0,43.5,2015,4
NYG,-3.5,44.0,2015,4
STL,-1.0,48.5,2015,4
MIN,-2.5,45.5,2015,4
HOU,-5.5,41.0,2015,4
CAR,-10.0,43.0,2015,4
NE,-13.5,49.0,2015,4
BAL,-1.5,45.5,2015,4
CLE,-3.5,43.0,2015,4
ARI,-6.5,44.5,2015,4
MIA,-1.5,43.5,2015,4
DAL,1.0,43.0,2015,4
NYJ,-3.0,47.0,2015,4
TEN,3.5,46.5,2015,4
SEA,-15.5,43.5,2015,4
DET,3.0,44.5,2015,4
GB,-4.5,47.0,2015,4
PIT,3.0,44.0,2015,5
MIA,2.5,42.5,2015,5
IND,-4.5,43.5,2015,5
TB,3.0,40.5,2015,5
BUF,-6.0,46.5,2015,5
WAS,3.0,46.5,2015,5
SD,-5.0,44.5,2015,5
ARI,-7.0,43.5,2015,5
ATL,-4.0,47.0,2015,5
CHI,3.0,44.5,2015,5
DEN,-6.5,43.0,2015,5
CIN,-3.0,44.5,2015,5
SF,7.0,48.0,2015,5
NO,-3.0,49.5,2015,5
SEA,-10.0,43.0,2015,5
HOU,-5.0,40.5,2015,6
TB,-2.0,41.5,2015,6
TEN,-1.0,43.0,2015,6
BAL,-6.5,43.0,2015,6
ATL,-7.0,48.0,2015,6
KC,-10.0,44.5,2015,6
GB,-9.5,45.0,2015,6
OAK,4.5,45.0,2015,6
NYG,-7.0,43.5,2015,6
PHI,-6.5,49.0,2015,6
DAL,8.0,50.5,2015,6
CIN,-3.0,44.0,2015,6
DET,4.0,46.0,2015,6
SD,-4.0,45.5,2015,6
NO,3.5,51.5,2015,7
CLE,3.5,42.0,2015,7
MIN,-3.5,43.0,2015,7
JAC,-1.0,43.0,2015,7
DET,-3.5,44.0,2015,7
NYJ,-6.5,40.5,2015,7
TEN,-1.0,43.5,2015,7
SEA,-6.5,41.0,2015,7
BUF,3.0,43.0,2015,7
SF,2.0,43.0,2015,7
PIT,3.5,45.0,2015,7
GB,-10.0,50.5,2015,7
IND,9.5,54.0,2015,7
PHI,-3.5,51.0,2015,7
SF,6.5,42.0,2015,8
JAC,4.0,41.0,2015,8
STL,-6.5,42.0,2015,8
MIA,-4.5,44.5,2015,8
DET,2.0,44.5,2015,8
TEN,6.0,46.5,2015,8
WAS,-3.0,43.0,2015,8
SD,-3.5,48.0,2015,8
NE,-8.5,48.0,2015,8
IND,-4.0,52.0,2015,8
NYG,-3.0,44.5,2015,8
CAR,-3.0,45.5,2015,8
KC,-3.0,43.0,2015,8
ARI,-9.5,49.0,2015,8
NE,-9.0,51.5,2015,9
KC,-3.5,45.0,2015,9
CHI,1.0,42.5,2015,9
ATL,-7.0,48.5,2015,9
NO,-3.5,49.5,2015,9
STL,-9.0,39.5,2015,9
OAK,3.0,44.0,2015,9
DAL,5.5,42.0,2015,9
DEN,2.5,46.5,2015,9
CLE,6.0,46.0,2015,9
BAL,-3.5,50.0,2015,9
PIT,-1.0,48.5,2015,9
HOU,-4.0,43.0,2015,9
CAR,-5.5,46.0,2015,9
CIN,-11.5,44.5,2015,10
PIT,-4.5,48.0,2015,10
MIN,-1.0,40.5,2015,10
NE,-14.0,52.0,2015,10
SF,7.0,43.0,2015,10
TB,2.0,49.0,2015,10
DAL,3.0,44.0,2015,10
BUF,-3.0,44.0,2015,10
CAR,2.5,46.5,2015,10
IND,4.0,46.0,2015,10
NYJ,-9.0,42.5,2015,10
NO,-7.5,48.0,2015,10
SD,-4.0,49.5,2015,10
NYJ,-2.0,41.5,2015,11
GB,-10.5,48.5,2015,11
TEN,4.0,44.0,2015,11
WAS,1.0,50.0,2015,11
BAL,-4.5,47.5,2015,11
DEN,-3.5,42.0,2015,11
NYG,7.0,53.5,2015,11
SEA,-3.0,43.5,2015,11
TB,1.5,43.5,2015,11
PHI,-6.5,49.5,2015,11
PIT,-6.0,41.5,2015,11
STL,-6.5,42.5,2015,11
OAK,-2.5,43.5,2015,11
CIN,-10.5,46.0,2015,11
JAC,-3.0,41.5,2015,12
CAR,-7.0,44.5,2015,12
DET,-1.0,48.5,2015,12
ATL,-3.5,47.5,2015,12
BAL,-3.0,41.5,2015,12
MIN,-1.0,45.0,2015,12
CHI,2.5,42.0,2015,12
SD,3.0,45.0,2015,12
SEA,-14.0,39.5,2015,12
MIA,2.0,46.0,2015,12
PHI,-6.5,45.5,2015,12
ARI,-4.0,47.5,2015,12
HOU,3.5,40.0,2015,12
NE,-7.0,48.0,2015,12
DET,-3.0,46.5,2015,13
DAL,1.0,44.5,2015,13
GB,-7.5,45.0,2015,13
HOU,-3.5,51.0,2015,13
ATL,-1.5,44.5,2015,13
IND,-3.0,46.0,2015,13
WAS,1.0,48.0,2015,13
TEN,1.0,45.0,2015,13
NYJ,-4.5,44.0,2015,13
JAC,-5.5,47.0,2015,13
SEA,-3.0,47.0,2015,13
CIN,-10.0,41.5,2015,13
SF,7.5,45.5,2015,13
DEN,2.5,43.5,2015,13
KC,-4.5,41.0,2015,13
CLE,-5.5,41.0,2015,13
DET,3.0,47.5,2015,14
CHI,-7.0,42.0,2015,14
TEN,-2.0,43.5,2015,14
BUF,-3.5,41.5,2015,14
NO,6.5,50.0,2015,14
MIN,1.0,40.5,2015,14
TB,-1.5,45.0,2015,14
NYG,0.0,45.5,2015,14
OAK,3.0,45.0,2015,14
STL,5.5,43.0,2015,14
SD,4.5,43.5,2015,14
MIA,-4.5,43.5,2015,14
NE,-10.0,48.5,2015,14
CLE,10.0,44.0,2015,14
PIT,-7.0,48.5,2015,14
WAS,-4.5,43.0,2015,14
ARI,-10.0,46.5,2015,15
PHI,-2.5,47.5,2015,15
CAR,-7.5,47.0,2015,15
STL,0.0,41.0,2015,15
KC,-10.0,45.5,2015,15
TB,-4.0,0.0,2015,15
NYJ,-7.0,43.0,2015,15
HOU,3.5,44.5,2015,15
DEN,-7.5,43.5,2015,15
CLE,-1.0,41.0,2015,15
CIN,-3.0,48.0,2015,15
CHI,-3.0,44.0,2015,15
GB,-7.0,43.5,2015,15
BAL,10.0,42.5,2015,15
JAC,-1.0,46.0,2015,15
MIA,-1.0,47.0,2015,15
STL,0.0,41.5,2015,16
DAL,2.5,42.0,2015,16
MIN,-5.0,43.0,2015,16
JAC,-3.5,48.0,2015,16
WAS,0.0,44.0,2015,16
PHI,3.5,50.0,2015,16
SEA,-14.5,43.0,2015,16
OAK,3.0,46.5,2015,16
PIT,-6.0,45.5,2015,16
SF,4.0,42.0,2015,16
BAL,7.5,42.5,2015,16
NE,-14.0,47.0,2015,16
NYG,5.0,48.0,2015,16
SD,-1.0,45.0,2015,16
IND,0.0,41.0,2015,16
NO,-3.0,50.0,2015,16
OAK,-4.5,45.0,2015,17
PHI,-3.5,0.0,2015,17
TB,-3.0,47.0,2015,17
ATL,7.0,47.5,2015,17
BUF,-6.5,44.0,2015,17
KC,-12.5,44.0,2015,17
NYJ,3.0,46.0,2015,17
SEA,-13.5,41.5,2015,17
BAL,10.0,47.0,2015,17
ARI,-4.5,49.5,2015,17
MIN,-6.5,46.0,2015,17
DET,-8.0,43.0,2015,17
MIA,-1.5,44.0,2015,17
NO,-3.0,51.5,2015,17
TEN,4.0,42.0,2015,17
DEN,-3.5,42.0,2015,17
CAR,-3.0,41.0,2016,1
TB,2.5,46.0,2016,1
MIN,-3.0,40.5,2016,1
CLE,4.0,41.5,2016,1
CIN,-1.5,41.5,2016,1
OAK,2.5,50.0,2016,1
SD,6.0,45.5,2016,1
BUF,3.0,44.0,2016,1
CHI,4.5,42.5,2016,1
GB,-4.0,47.0,2016,1
MIA,11.0,43.5,2016,1
NYG,-1.0,47.5,2016,1
DET,3.0,51.0,2016,1
NE,9.5,44.5,2016,1
PIT,-2.0,49.0,2016,1
LA,-3.0,43.0,2016,1
NYJ,1.0,40.5,2016,2
TEN,5.5,47.5,2016,2
KC,1.0,42.0,2016,2
BAL,-4.5,42.0,2016,2
NO,4.0,53.0,2016,2
IND,6.5,47.5,2016,2
ATL,4.5,47.5,2016,2
JAC,3.0,47.5,2016,2
GB,-1.5,42.0,2016,2
MIA,5.0,42.5,2016,2
TB,7.0,49.0,2016,2
CIN,3.0,48.5,2016,2
DAL,3.5,47.0,2016,2
SF,11.5,44.5,2016,2
SEA,-5.0,38.0,2016,2
PHI,3.0,42.5,2016,2
HOU,1.0,39.5,2016,3
OAK,-1.5,47.5,2016,3
ARI,-5.0,48.0,2016,3
BAL,-2.5,45.5,2016,3
WAS,3.5,46.5,2016,3
SF,10.0,41.5,2016,3
LA,3.5,41.0,2016,3
NYJ,3.0,44.0,2016,3
SD,2.0,51.0,2016,3
DET,6.0,47.0,2016,3
MIN,6.5,43.0,2016,3
CLE,9.5,41.5,2016,3
PIT,-4.0,46.0,2016,3
CHI,6.5,45.0,2016,3
DEN,3.5,42.0,2016,3
ATL,3.0,53.0,2016,3
MIA,7.5,46.5,2016,4
IND,-1.0,48.5,2016,4
CLE,7.0,47.5,2016,4
TEN,4.0,40.5,2016,4
OAK,3.5,45.0,2016,4
DEN,-3.5,43.0,2016,4
LA,9.5,43.5,2016,4
KC,3.0,48.0,2016,4
DET,-3.5,47.5,2016,4
DAL,-1.0,44.5,2016,4
CAR,-3.0,48.5,2016,4
NO,3.5,54.0,2016,4
SEA,-1.0,40.0,2016,4
BUF,3.5,41.0,2016,4
NYG,4.0,42.5,2016,4
ARI,-3.5,42.5,2016,5
TEN,3.0,44.0,2016,5
NE,-10.0,47.0,2016,5
WAS,4.0,44.0,2016,5
PHI,-3.5,46.0,2016,5
CHI,3.5,47.5,2016,5
ATL,3.5,44.5,2016,5
BUF,-2.0,41.5,2016,5
SD,3.5,50.5,2016,5
CIN,-2.5,45.5,2016,5
NYJ,9.0,49.5,2016,5
HOU,6.0,39.0,2016,5
NYG,7.0,48.5,2016,5
TB,6.0,46.5,2016,5
DEN,-3.0,44.5,2016,6
CIN,7.0,48.0,2016,6
PIT,-7.0,48.5,2016,6
JAC,2.0,46.5,2016,6
SF,7.5,45.0,2016,6
LA,3.0,44.5,2016,6
PHI,-3.0,45.0,2016,6
KC,-2.0,47.0,2016,6
ATL,6.5,45.0,2016,6
IND,3.0,48.0,2016,6
BAL,3.5,42.5,2016,6
CLE,7.5,44.5,2016,6
DAL,5.5,47.0,2016,6
CAR,-3.0,53.0,2016,6
NYJ,7.0,45.5,2016,6
CHI,7.5,46.5,2016,7
NYG,-2.5,44.5,2016,7
MIN,-3.0,39.5,2016,7
NO,6.5,51.0,2016,7
WAS,-1.0,49.5,2016,7
CLE,11.0,46.0,2016,7
BUF,-2.5,45.0,2016,7
OAK,2.5,48.0,2016,7
SD,5.5,53.0,2016,7
TB,1.0,45.0,2016,7
IND,4.0,48.5,2016,7
NE,-7.0,49.0,2016,7
BAL,1.5,39.5,2016,7
SEA,2.0,43.0,2016,7
HOU,8.0,40.0,2016,7
JAC,3.0,43.5,2016,8
WAS,3.0,49.0,2016,8
GB,3.0,51.0,2016,8
OAK,-1.0,48.0,2016,8
KC,-3.0,50.5,2016,8
PHI,4.5,44.0,2016,8
NE,-5.5,48.5,2016,8
SEA,-2.0,50.0,2016,8
ARI,2.5,45.5,2016,8
DET,2.0,46.0,2016,8
SD,4.0,43.0,2016,8
NYJ,-2.5,45.5,2016,8
MIN,-4.5,39.5,2016,8
ATL,-4.5,49.5,2016,9
NYJ,4.0,44.5,2016,9
PIT,-3.0,46.0,2016,9
NO,-4.5,53.5,2016,9
CAR,-3.0,44.0,2016,9
IND,7.0,52.5,2016,9
TEN,3.5,47.0,2016,9
DEN,1.0,44.5,2016,9
PHI,3.0,43.0,2016,9
DAL,-7.0,49.0,2016,9
DET,6.0,42.5,2016,9
JAC,7.0,43.0,2016,9
BUF,6.0,43.0,2016,9
CLE,9.0,44.0,2016,10
HOU,2.5,42.5,2016,10
ATL,1.0,49.0,2016,10
MIN,2.0,42.5,2016,10
GB,-3.0,49.0,2016,10
MIA,4.5,48.5,2016,10
SF,13.5,47.0,2016,10
DAL,3.0,50.5,2016,10
KC,3.0,44.0,2016,10
DEN,3.0,49.5,2016,10
LA,-1.0,39.0,2016,10
SEA,7.5,49.0,2016,10
CHI,-2.5,45.0,2016,10
CIN,-1.0,48.5,2016,10
NO,3.5,52.5,2016,11
TEN,3.0,53.5,2016,11
JAC,6.0,47.0,2016,11
TB,7.0,44.5,2016,11
ARI,2.5,40.0,2016,11
BAL,7.0,44.5,2016,11
PIT,-8.5,44.5,2016,11
MIA,1.0,39.5,2016,11
GB,3.0,47.5,2016,11
NE,-11.0,51.5,2016,11
PHI,6.5,43.0,2016,11
CHI,7.0,41.5,2016,11
BUF,2.0,48.0,2016,11
HOU,6.5,45.0,2016,11
MIN,2.0,42.0,2016,12
PIT,-8.0,50.0,2016,12
WAS,6.0,52.0,2016,12
TEN,-6.5,42.0,2016,12
JAC,9.0,44.0,2016,12
CIN,3.5,41.5,2016,12
ARI,4.0,49.5,2016,12
SF,7.5,45.0,2016,12
LA,7.5,44.5,2016,12
NYG,-6.5,45.5,2016,12
SEA,-5.0,45.5,2016,12
KC,3.5,40.0,2016,12
NE,-8.5,47.5,2016,12
SD,-2.5,46.0,2016,12
CAR,3.5,48.0,2016,12
GB,4.0,47.0,2016,12
DAL,-3.0,43.5,2016,13
DET,6.5,53.0,2016,13
SF,-1.5,44.0,2016,13
LA,13.0,44.5,2016,13
MIA,3.5,41.5,2016,13
BUF,3.0,48.5,2016,13
TB,3.5,49.0,2016,13
WAS,2.5,48.5,2016,13
NYG,6.5,49.0,2016,13
CAR,9.0,43.5,2016,13
DEN,-3.5,39.5,2016,13
KC,4.5,49.5,2016,13
HOU,6.5,44.0,2016,13
PHI,1.5,42.0,2016,13
IND,1.0,48.5,2016,13
OAK,3.5,46.0,2016,14
CIN,-4.5,41.5,2016,14
PIT,-1.5,45.0,2016,14
ARI,-2.0,44.0,2016,14
CHI,7.0,41.5,2016,14
MIN,-3.0,38.5,2016,14
NO,2.5,51.0,2016,14
WAS,-2.0,48.0,2016,14
ATL,-4.5,44.0,2016,14
DAL,-3.5,46.5,2016,14
SD,1.5,49.0,2016,14
SEA,-3.0,46.0,2016,14
HOU,6.5,47.0,2016,14
NYJ,3.0,43.5,2016,14
DEN,1.0,43.5,2016,14
BAL,6.0,45.0,2016,14
DEN,3.0,41.0,2016,1
ATL,-2.5,46.0,2016,1
TEN,3.0,40.5,2016,1
PHI,-4.0,41.5,2016,1
NYJ,1.5,41.5,2016,1
NO,-2.5,50.0,2016,1
KC,-6.0,45.5,2016,1
BAL,-3.0,44.0,2016,1
HOU,-4.5,42.5,2016,1
JAC,4.0,47.0,2016,1
SEA,-11.0,43.5,2016,1
DAL,1.0,47.5,2016,1
IND,-3.0,51.0,2016,1
ARI,-9.5,44.5,2016,1
WAS,2.0,49.0,2016,1
SF,3.0,43.0,2016,1
BUF,-1.0,40.5,2016,2
DET,-5.5,47.5,2016,2
HOU,-1.0,42.0,2016,2
CLE,4.5,42.0,2016,2
NYG,-4.0,53.0,2016,2
DEN,-6.5,47.5,2016,2
OAK,-4.5,47.5,2016,2
SD,-3.0,47.5,2016,2
MIN,1.5,42.0,2016,2
NE,-5.0,42.5,2016,2
ARI,-7.0,49.0,2016,2
PIT,-3.0,48.5,2016,2
WAS,-3.5,47.0,2016,2
CAR,-11.5,44.5,2016,2
LA,5.0,38.0,2016,2
CHI,-3.0,42.5,2016,2
NE,-1.0,39.5,2016,3
TEN,1.5,47.5,2016,3
BUF,5.0,48.0,2016,3
JAC,2.5,45.5,2016,3
NYG,-3.5,46.5,2016,3
SEA,-10.0,41.5,2016,3
TB,-3.5,41.0,2016,3
KC,-3.0,44.0,2016,3
IND,-2.0,51.0,2016,3
GB,-6.0,47.0,2016,3
CAR,-6.5,43.0,2016,3
MIA,-9.5,41.5,2016,3
PHI,4.0,46.0,2016,3
DAL,-6.5,45.0,2016,3
CIN,-3.5,42.0,2016,3
NO,-3.0,53.0,2016,3
CIN,-7.5,46.5,2016,4
JAC,1.0,48.5,2016,4
WAS,-7.0,47.5,2016,4
HOU,-4.0,40.5,2016,4
BAL,-3.5,45.0,2016,4
TB,3.5,43.0,2016,4
ARI,-9.5,43.5,2016,4
PIT,-3.0,48.0,2016,4
CHI,3.5,47.5,2016,4
SF,1.0,44.5,2016,4
ATL,3.0,48.5,2016,4
SD,-3.5,54.0,2016,4
NYJ,1.0,40.0,2016,4
NE,-3.5,41.0,2016,4
MIN,-4.0,42.5,2016,4
SF,3.5,42.5,2016,5
MIA,-3.0,44.0,2016,5
CLE,10.0,47.0,2016,5
BAL,-4.0,44.0,2016,5
DET,3.5,46.0,2016,5
IND,-3.5,47.5,2016,5
DEN,-3.5,44.5,2016,5
LA,2.0,41.5,2016,5
OAK,-3.5,50.5,2016,5
DAL,2.5,45.5,2016,5
PIT,-9.0,49.5,2016,5
MIN,-6.0,39.0,2016,5
GB,-7.0,48.5,2016,5
CAR,-6.0,46.5,2016,5
SD,3.0,44.5,2016,6
NE,-7.0,48.0,2016,6
MIA,7.0,48.5,2016,6
CHI,-2.0,46.5,2016,6
BUF,-7.5,45.0,2016,6
DET,-3.0,44.5,2016,6
WAS,3.0,45.0,2016,6
OAK,2.0,47.0,2016,6
SEA,-6.5,45.0,2016,6
HOU,-3.0,48.0,2016,6
NYG,-3.5,42.5,2016,6
TEN,-7.5,44.5,2016,6
GB,-5.5,47.0,2016,6
NO,3.0,53.0,2016,6
ARI,-7.0,45.5,2016,6
GB,-7.5,46.5,2016,7
LA,2.5,44.5,2016,7
PHI,3.0,39.5,2016,7
KC,-6.5,51.0,2016,7
DET,1.0,49.5,2016,7
CIN,-11.0,46.0,2016,7
MIA,2.5,45.0,2016,7
JAC,-2.5,48.0,2016,7
ATL,-5.5,53.0,2016,7
SF,-1.0,45.0,2016,7
TEN,-4.0,48.5,2016,7
PIT,7.0,49.0,2016,7
NYJ,-1.5,39.5,2016,7
ARI,-2.0,43.0,2016,7
DEN,-8.0,40.0,2016,7
TEN,-3.0,43.5,2016,8
CIN,-3.0,49.0,2016,8
ATL,-3.0,51.0,2016,8
TB,1.0,48.0,2016,8
IND,3.0,50.5,2016,8
DAL,-4.5,44.0,2016,8
BUF,5.5,48.5,2016,8
NO,2.0,50.0,2016,8
CAR,-2.5,45.5,2016,8
HOU,-2.0,46.0,2016,8
DEN,-4.0,43.0,2016,8
CLE,2.5,45.5,2016,8
CHI,4.5,39.5,2016,8
TB,4.5,49.5,2016,9
MIA,-4.0,44.5,2016,9
BAL,3.0,46.0,2016,9
SF,4.5,53.5,2016,9
LA,3.0,44.0,2016,9
GB,-7.0,52.5,2016,9
SD,-3.5,47.0,2016,9
OAK,-1.0,44.5,2016,9
NYG,-3.0,43.0,2016,9
CLE,7.0,49.0,2016,9
MIN,-6.0,42.5,2016,9
KC,-7.0,43.0,2016,9
SEA,-6.0,43.0,2016,9
BAL,-9.0,44.0,2016,10
JAC,-2.5,42.5,2016,10
PHI,-1.0,49.0,2016,10
WAS,-2.0,42.5,2016,10
TEN,3.0,49.0,2016,10
SD,-4.5,48.5,2016,10
ARI,-13.5,47.0,2016,10
PIT,-3.0,50.5,2016,10
CAR,-3.0,44.0,2016,10
NO,-3.0,49.5,2016,10
NYJ,1.0,39.0,2016,10
NE,-7.5,49.0,2016,10
TB,2.5,45.0,2016,10
NYG,1.0,48.5,2016,10
CAR,-3.5,52.5,2016,11
IND,-3.0,53.5,2016,11
DET,-6.0,47.0,2016,11
KC,-7.0,44.5,2016,11
MIN,-2.5,40.0,2016,11
DAL,-7.0,44.5,2016,11
CLE,8.5,44.5,2016,11
LA,-1.0,39.5,2016,11
WAS,-3.0,47.5,2016,11
SF,11.0,51.5,2016,11
SEA,-6.5,43.0,2016,11
NYG,-7.0,41.5,2016,11
CIN,-2.0,48.0,2016,11
OAK,-6.5,45.0,2016,11
DET,-2.0,42.0,2016,12
IND,8.0,50.0,2016,12
DAL,-6.0,52.0,2016,12
CHI,6.5,42.0,2016,12
BUF,-9.0,44.0,2016,12
BAL,-3.5,41.5,2016,12
ATL,-4.0,49.5,2016,12
MIA,-7.5,45.0,2016,12
NO,-7.5,44.5,2016,12
CLE,6.5,45.5,2016,12
TB,5.0,45.5,2016,12
DEN,-3.5,40.0,2016,12
NYJ,8.5,47.5,2016,12
HOU,2.5,46.0,2016,12
OAK,-3.5,48.0,2016,12
PHI,-4.0,47.0,2016,12
MIN,3.0,43.5,2016,13
NO,-6.5,53.0,2016,13
CHI,1.5,44.0,2016,13
NE,-13.0,44.5,2016,13
BAL,-3.5,41.5,2016,13
OAK,-3.0,48.5,2016,13
SD,-3.5,49.0,2016,13
ARI,-2.5,48.5,2016,13
PIT,-6.5,49.0,2016,13
SEA,-9.0,43.5,2016,13
JAC,3.5,39.5,2016,13
ATL,-4.5,49.5,2016,13
GB,-6.5,44.0,2016,13
CIN,-1.5,42.0,2016,13
NYJ,-1.0,48.5,2016,13
KC,-3.5,46.0,2016,14
CLE,4.5,41.5,2016,14
BUF,1.5,45.0,2016,14
MIA,2.0,44.0,2016,14
DET,-7.0,41.5,2016,14
JAC,3.0,38.5,2016,14
TB,-2.5,51.0,2016,14
PHI,2.0,48.0,2016,14
LA,4.5,44.0,2016,14
NYG,3.5,46.5,2016,14
CAR,-1.5,49.0,2016,14
GB,3.0,46.0,2016,14
IND,-6.5,47.0,2016,14
SF,-3.0,43.5,2016,14
TEN,-1.0,43.5,2016,14
NE,-6.0,45.0,2016,14
